PRODUCT_ID|STORE_ID|PRODUCT_NAME|CATEGORY|PRICE|DISCOUNT|STOCK|STATUS
1|101|Product_1|Grocery|3489.76|9|339|ACTIVE
1|102|Product_1|Clothing|1908.2|17|271|ACTIVE
2|101|Product_2|Grocery|2184.97|23|281|ACTIVE
2|102|Product_2|Grocery|1823.87|14|138|ACTIVE
3|101|Product_3|Grocery|1331.88|3|369|ACTIVE
3|102|Product_3|Electronics|1646.18|23|274|ACTIVE
4|101|Product_4|Clothing|1007.23|6|378|ACTIVE
4|102|Product_4|Grocery|1454.85|18|500|ACTIVE
5|101|Product_5|Clothing|3024.27|3|426|ACTIVE
5|102|Product_5|Electronics|1551.61|11|91|ACTIVE
6|101|Product_6|Grocery|169.33|17|64|ACTIVE
6|102|Product_6|Grocery|323.03|1|283|ACTIVE
7|101|Product_7|Grocery|3517.35|4|326|ACTIVE
7|102|Product_7|Grocery|602.68|0|293|ACTIVE
8|101|Product_8|Grocery|2400.05|14|174|ACTIVE
8|102|Product_8|Electronics|4830.94|8|481|ACTIVE
9|101|Product_9|Grocery|659.03|2|205|ACTIVE
9|102|Product_9|Grocery|463.0|20|351|ACTIVE
10|101|Product_10|Electronics|843.46|25|288|ACTIVE
10|102|Product_10|Grocery|517.39|7|60|ACTIVE
11|101|Product_11|Clothing|3845.77|19|305|ACTIVE
11|102|Product_11|Clothing|1205.87|16|194|ACTIVE
12|101|Product_12|Grocery|4551.67|9|440|ACTIVE
12|102|Product_12|Clothing|4951.15|9|291|ACTIVE
13|101|Product_13|Clothing|395.13|30|378|ACTIVE
13|102|Product_13|Electronics|4743.19|6|320|ACTIVE
14|101|Product_14|Electronics|1396.77|2|80|ACTIVE
14|102|Product_14|Electronics|951.69|2|80|ACTIVE
15|101|Product_15|Electronics|2101.74|22|304|ACTIVE
15|102|Product_15|Grocery|1527.17|7|147|ACTIVE
16|101|Product_16|Clothing|1485.32|27|232|ACTIVE
16|102|Product_16|Electronics|3468.19|29|135|ACTIVE
17|101|Product_17|Clothing|2989.97|25|478|ACTIVE
17|102|Product_17|Electronics|2183.18|17|115|ACTIVE
18|101|Product_18|Clothing|830.05|8|423|ACTIVE
18|102|Product_18|Electronics|449.91|5|405|ACTIVE
19|101|Product_19|Grocery|3015.72|26|291|ACTIVE
19|102|Product_19|Grocery|2251.85|14|352|ACTIVE
20|101|Product_20|Grocery|3528.7|30|139|ACTIVE
20|102|Product_20|Clothing|2745.91|14|41|ACTIVE
21|101|Product_21|Clothing|295.32|13|376|ACTIVE
21|102|Product_21|Grocery|3058.2|0|46|ACTIVE
22|101|Product_22|Electronics|4813.36|26|440|ACTIVE
22|102|Product_22|Clothing|2976.9|0|391|ACTIVE
23|101|Product_23|Clothing|4124.96|18|20|ACTIVE
23|102|Product_23|Electronics|2405.45|20|226|ACTIVE
24|101|Product_24|Grocery|989.3|18|223|ACTIVE
24|102|Product_24|Clothing|4089.8|2|240|ACTIVE
25|101|Product_25|Grocery|2100.91|10|343|ACTIVE
25|102|Product_25|Electronics|4302.89|10|210|ACTIVE
26|101|Product_26|Clothing|2527.8|21|483|ACTIVE
26|102|Product_26|Grocery|4086.47|17|18|ACTIVE
27|101|Product_27|Grocery|531.49|8|165|ACTIVE
27|102|Product_27|Electronics|4853.91|12|442|ACTIVE
28|101|Product_28|Clothing|4142.14|0|336|ACTIVE
28|102|Product_28|Clothing|2363.68|1|96|ACTIVE
29|101|Product_29|Clothing|1872.72|24|255|ACTIVE
29|102|Product_29|Clothing|2266.0|1|104|ACTIVE
30|101|Product_30|Grocery|2791.18|29|147|ACTIVE
30|102|Product_30|Grocery|4416.15|15|62|ACTIVE
31|101|Product_31|Electronics|4868.42|19|409|ACTIVE
31|102|Product_31|Electronics|3577.94|9|282|ACTIVE
32|101|Product_32|Electronics|2806.03|2|115|ACTIVE
32|102|Product_32|Electronics|2361.09|3|331|ACTIVE
33|101|Product_33|Electronics|2542.04|22|149|ACTIVE
33|102|Product_33|Clothing|3556.52|13|427|ACTIVE
34|101|Product_34|Grocery|4903.2|7|233|ACTIVE
34|102|Product_34|Clothing|808.75|6|471|ACTIVE
35|101|Product_35|Clothing|2590.38|28|69|ACTIVE
35|102|Product_35|Electronics|1453.61|25|437|ACTIVE
36|101|Product_36|Grocery|1765.39|25|259|ACTIVE
36|102|Product_36|Grocery|4120.69|9|371|ACTIVE
37|101|Product_37|Grocery|4203.63|18|337|ACTIVE
37|102|Product_37|Grocery|4339.78|14|275|ACTIVE
38|101|Product_38|Grocery|1791.11|17|390|ACTIVE
38|102|Product_38|Clothing|1948.33|29|164|ACTIVE
39|101|Product_39|Electronics|4905.8|7|292|ACTIVE
39|102|Product_39|Grocery|1244.46|24|210|ACTIVE
40|101|Product_40|Electronics|1659.06|15|361|ACTIVE
40|102|Product_40|Grocery|1991.79|21|405|ACTIVE
41|101|Product_41|Clothing|4906.01|15|493|ACTIVE
41|102|Product_41|Electronics|718.61|30|302|ACTIVE
42|101|Product_42|Grocery|4361.53|27|432|ACTIVE
42|102|Product_42|Grocery|588.59|29|233|ACTIVE
43|101|Product_43|Electronics|3639.97|13|445|ACTIVE
43|102|Product_43|Clothing|4852.79|2|240|ACTIVE
44|101|Product_44|Grocery|1758.95|22|203|ACTIVE
44|102|Product_44|Clothing|493.55|10|436|ACTIVE
45|101|Product_45|Clothing|4310.78|12|488|ACTIVE
45|102|Product_45|Grocery|3171.32|28|388|ACTIVE
46|101|Product_46|Grocery|4374.68|1|316|ACTIVE
46|102|Product_46|Electronics|1250.37|21|471|ACTIVE
47|101|Product_47|Grocery|4987.39|23|46|ACTIVE
47|102|Product_47|Grocery|4893.85|24|324|ACTIVE
48|101|Product_48|Clothing|4375.64|14|85|ACTIVE
48|102|Product_48|Clothing|1567.38|0|23|ACTIVE
49|101|Product_49|Grocery|4001.1|9|183|ACTIVE
49|102|Product_49|Grocery|2210.37|7|271|ACTIVE
50|101|Product_50|Grocery|2873.05|25|92|ACTIVE
50|102|Product_50|Electronics|957.84|19|445|ACTIVE
