ORDER_ID|CUSTOMER_ID|PRODUCT_ID|ORDER_DATE|SHIP_DATE|QUANTITY|UNIT_PRICE|DISCOUNT|TAX|NET_AMOUNT|STATUS|PAYMENT_MODE|CITY|STATE|COUNTRY
1|10246|32|2026-07-01|2026-07-03|7|328.87|45.64|59.2|2302.09|SHIPPED|CARD|Hyderabad|TS|India
2|10470|17|2026-07-01|2026-07-03|8|337.06|33.34|60.67|2696.48|SHIPPED|UPI|Pune|TS|India
3|10452|23|2026-07-01|2026-07-03|9|121.09|49.38|21.8|1089.81|SHIPPED|UPI|Chennai|TS|India
4|10467|20|2026-07-01|2026-07-03|7|360.64|9.96|64.92|2524.48|SHIPPED|UPI|Pune|TS|India
5|10585|23|2026-07-01|2026-07-03|2|156.74|28.74|28.21|413.48|SHIPPED|CASH|Pune|TS|India
6|10674|26|2026-07-01|2026-07-03|1|490.08|13.72|88.21|490.08|SHIPPED|CASH|Chennai|TS|India
7|10763|32|2026-07-01|2026-07-03|1|459.78|41.64|82.76|459.78|SHIPPED|UPI|Hyderabad|TS|India
8|10224|41|2026-07-01|2026-07-03|10|410.87|9.51|73.96|4108.7|SHIPPED|UPI|Chennai|TS|India
9|10925|41|2026-07-01|2026-07-03|3|332.71|32.32|59.89|998.13|SHIPPED|UPI|Pune|TS|India
10|10749|9|2026-07-01|2026-07-03|1|310.81|4.51|55.95|310.81|SHIPPED|UPI|Pune|TS|India
11|10135|35|2026-07-01|2026-07-03|7|129.04|43.82|23.23|903.28|SHIPPED|UPI|Chennai|TS|India
12|10850|11|2026-07-01|2026-07-03|9|461.07|12.85|82.99|4149.63|SHIPPED|UPI|Pune|TS|India
13|10479|5|2026-07-01|2026-07-03|6|411.9|7.04|74.14|2471.4|SHIPPED|CARD|Chennai|TS|India
14|10823|36|2026-07-01|2026-07-03|7|485.27|18.29|87.35|3396.89|SHIPPED|UPI|Hyderabad|TS|India
15|10465|24|2026-07-01|2026-07-03|5|291.46|33.64|52.46|1557.3|SHIPPED|CASH|Pune|TS|India
16|10653|24|2026-07-01|2026-07-03|10|221.46|5.42|39.86|2214.6|SHIPPED|CARD|Pune|TS|India
17|10965|36|2026-07-01|2026-07-03|1|328.8|16.4|59.18|328.8|SHIPPED|CASH|Hyderabad|TS|India
18|10475|45|2026-07-01|2026-07-03|2|335.93|15.11|60.47|671.86|SHIPPED|UPI|Hyderabad|TS|India
19|10038|20|2026-07-01|2026-07-03|3|70.41|49.8|12.67|211.23|SHIPPED|CARD|Hyderabad|TS|India
20|10138|25|2026-07-01|2026-07-03|4|449.27|22.68|80.87|1797.08|SHIPPED|CASH|Chennai|TS|India
21|10760|47|2026-07-01|2026-07-03|9|238.61|7.73|42.95|2147.49|SHIPPED|UPI|Chennai|TS|India
22|10630|27|2026-07-01|2026-07-03|2|425.16|46.95|76.53|850.32|SHIPPED|UPI|Hyderabad|TS|India
23|10455|16|2026-07-01|2026-07-03|6|147.77|42.77|26.6|886.62|SHIPPED|CARD|Chennai|TS|India
24|10660|23|2026-07-01|2026-07-03|6|295.01|3.03|53.1|1770.06|SHIPPED|UPI|Hyderabad|TS|India
25|10843|30|2026-07-01|2026-07-03|2|477.05|4.58|85.87|1054.1|SHIPPED|CARD|Chennai|TS|India
26|10051|22|2026-07-01|2026-07-03|10|486.99|12.18|87.66|4869.9|SHIPPED|CARD|Chennai|TS|India
27|10783|36|2026-07-01|2026-07-03|4|80.87|10.36|14.56|323.48|SHIPPED|CARD|Hyderabad|TS|India
28|10807|39|2026-07-01|2026-07-03|6|398.47|0.14|71.72|2390.82|SHIPPED|CARD|Hyderabad|TS|India
29|10178|8|2026-07-01|2026-07-03|9|162.79|33.05|29.3|1465.11|SHIPPED|CARD|Hyderabad|TS|India
30|10807|16|2026-07-01|2026-07-03|1|211.21|29.44|38.02|211.21|SHIPPED|CARD|Hyderabad|TS|India
31|10759|27|2026-07-01|2026-07-03|5|73.58|26.3|13.24|367.9|SHIPPED|CASH|Hyderabad|TS|India
32|10370|33|2026-07-01|2026-07-03|8|251.72|29.68|45.31|2013.76|SHIPPED|UPI|Chennai|TS|India
33|10044|47|2026-07-01|2026-07-03|4|475.44|39.16|85.58|1901.76|SHIPPED|CASH|Chennai|TS|India
34|10987|2|2026-07-01|2026-07-03|5|256.12|3.04|46.1|1280.6|SHIPPED|UPI|Pune|TS|India
35|10502|46|2026-07-01|2026-07-03|7|358.74|45.49|64.57|2611.18|SHIPPED|CARD|Hyderabad|TS|India
36|10067|9|2026-07-01|2026-07-03|6|323.73|13.75|58.27|1942.38|SHIPPED|CASH|Chennai|TS|India
37|10390|39|2026-07-01|2026-07-03|9|370.47|26.53|66.68|3334.23|SHIPPED|UPI|Chennai|TS|India
38|10812|45|2026-07-01|2026-07-03|10|243.59|5.72|43.85|2435.9|SHIPPED|CASH|Chennai|TS|India
39|10220|28|2026-07-01|2026-07-03|9|374.38|22.58|67.39|3369.42|SHIPPED|CARD|Pune|TS|India
40|10408|27|2026-07-01|2026-07-03|6|422.34|36.48|76.02|2534.04|SHIPPED|UPI|Pune|TS|India
41|10383|10|2026-07-01|2026-07-03|6|349.3|34.34|62.87|2095.8|SHIPPED|UPI|Hyderabad|TS|India
42|10095|28|2026-07-01|2026-07-03|2|424.3|4.83|76.37|848.6|SHIPPED|CASH|Pune|TS|India
43|10600|36|2026-07-01|2026-07-03|3|300.37|28.08|54.07|901.11|SHIPPED|CASH|Hyderabad|TS|India
44|10681|49|2026-07-01|2026-07-03|7|209.12|21.15|37.64|1463.84|SHIPPED|CASH|Hyderabad|TS|India
45|10360|7|2026-07-01|2026-07-03|5|320.18|28.9|57.63|1700.9|SHIPPED|CARD|Hyderabad|TS|India
46|10110|23|2026-07-01|2026-07-03|8|150.91|42.27|27.16|1207.28|SHIPPED|UPI|Hyderabad|TS|India
47|10826|28|2026-07-01|2026-07-03|5|308.35|42.26|55.5|1541.75|SHIPPED|CASH|Chennai|TS|India
48|10951|43|2026-07-01|2026-07-03|9|61.81|41.47|11.13|556.29|SHIPPED|UPI|Hyderabad|TS|India
49|10780|20|2026-07-01|2026-07-03|3|172.97|46.08|31.13|518.91|SHIPPED|UPI|Hyderabad|TS|India
50|10579|43|2026-07-01|2026-07-03|3|441.44|20.04|79.46|1324.32|SHIPPED|CARD|Chennai|TS|India
51|10543|14|2026-07-01|2026-07-03|1|91.29|18.81|16.43|91.29|SHIPPED|UPI|Pune|TS|India
52|10738|21|2026-07-01|2026-07-03|3|216.52|38.84|38.97|649.56|SHIPPED|CASH|Chennai|TS|India
53|10159|11|2026-07-01|2026-07-03|2|447.5|37.72|80.55|895.0|SHIPPED|CARD|Chennai|TS|India
54|10677|28|2026-07-01|2026-07-03|2|172.45|24.28|31.04|344.9|SHIPPED|UPI|Pune|TS|India
55|10524|8|2026-07-01|2026-07-03|5|147.01|17.26|26.46|835.05|SHIPPED|CARD|Pune|TS|India
56|10683|20|2026-07-01|2026-07-03|10|268.98|2.27|48.42|2689.8|SHIPPED|UPI|Chennai|TS|India
57|10308|14|2026-07-01|2026-07-03|1|53.46|38.37|9.62|53.46|SHIPPED|UPI|Pune|TS|India
58|10509|48|2026-07-01|2026-07-03|6|103.99|21.53|18.72|623.94|SHIPPED|CARD|Pune|TS|India
59|10512|36|2026-07-01|2026-07-03|9|366.65|41.67|66.0|3299.85|SHIPPED|UPI|Hyderabad|TS|India
60|10043|28|2026-07-01|2026-07-03|7|437.79|0.94|78.8|3064.53|SHIPPED|CARD|Pune|TS|India
61|10414|46|2026-07-01|2026-07-03|10|243.18|32.01|43.77|2431.8|SHIPPED|UPI|Hyderabad|TS|India
62|10332|11|2026-07-01|2026-07-03|7|59.39|40.07|10.69|415.73|SHIPPED|CASH|Pune|TS|India
63|10864|7|2026-07-01|2026-07-03|6|89.66|12.17|16.14|537.96|SHIPPED|CASH|Pune|TS|India
64|10891|20|2026-07-01|2026-07-03|9|85.39|37.29|15.37|768.51|SHIPPED|CARD|Pune|TS|India
65|10648|8|2026-07-01|2026-07-03|3|84.37|26.53|15.19|353.11|SHIPPED|CARD|Pune|TS|India
66|10838|42|2026-07-01|2026-07-03|6|377.32|40.75|67.92|2263.92|SHIPPED|CARD|Hyderabad|TS|India
67|10177|39|2026-07-01|2026-07-03|3|165.19|7.64|29.73|495.57|SHIPPED|CASH|Hyderabad|TS|India
68|10643|32|2026-07-01|2026-07-03|3|478.08|23.2|86.05|1434.24|SHIPPED|CASH|Chennai|TS|India
69|10903|37|2026-07-01|2026-07-03|8|356.51|32.15|64.17|2852.08|SHIPPED|CASH|Pune|TS|India
70|10069|31|2026-07-01|2026-07-03|6|117.93|22.11|21.23|707.58|SHIPPED|UPI|Pune|TS|India
71|10519|5|2026-07-01|2026-07-03|10|75.28|15.52|13.55|752.8|SHIPPED|UPI|Hyderabad|TS|India
72|10293|5|2026-07-01|2026-07-03|1|215.93|32.23|38.87|215.93|SHIPPED|CARD|Chennai|TS|India
73|10473|38|2026-07-01|2026-07-03|10|278.18|27.72|50.07|2781.8|SHIPPED|CASH|Hyderabad|TS|India
74|10585|42|2026-07-01|2026-07-03|8|459.07|9.41|82.63|3672.56|SHIPPED|CASH|Pune|TS|India
75|10063|29|2026-07-01|2026-07-03|9|117.89|5.18|21.22|1161.01|SHIPPED|UPI|Chennai|TS|India
76|10176|3|2026-07-01|2026-07-03|2|277.05|12.39|49.87|554.1|SHIPPED|UPI|Pune|TS|India
77|10162|24|2026-07-01|2026-07-03|9|285.24|18.64|51.34|2567.16|SHIPPED|UPI|Pune|TS|India
78|10695|39|2026-07-01|2026-07-03|7|398.51|2.62|71.73|2789.57|SHIPPED|CASH|Chennai|TS|India
79|10096|36|2026-07-01|2026-07-03|6|79.66|33.92|14.34|477.96|SHIPPED|UPI|Pune|TS|India
80|10341|6|2026-07-01|2026-07-03|10|442.98|29.14|79.74|4429.8|SHIPPED|CARD|Pune|TS|India
81|10715|43|2026-07-01|2026-07-03|5|485.46|19.6|87.38|2427.3|SHIPPED|CASH|Chennai|TS|India
82|10385|42|2026-07-01|2026-07-03|2|189.31|39.58|34.08|378.62|SHIPPED|CARD|Chennai|TS|India
83|10686|28|2026-07-01|2026-07-03|9|92.05|25.42|16.57|828.45|SHIPPED|CARD|Pune|TS|India
84|10219|22|2026-07-01|2026-07-03|5|131.12|47.38|23.6|655.6|SHIPPED|UPI|Hyderabad|TS|India
85|10158|5|2026-07-01|2026-07-03|4|499.99|14.79|90.0|2099.96|SHIPPED|CARD|Chennai|TS|India
86|10904|34|2026-07-01|2026-07-03|9|425.8|1.89|76.64|3832.2|SHIPPED|UPI|Chennai|TS|India
87|10157|11|2026-07-01|2026-07-03|3|318.76|9.04|57.38|956.28|SHIPPED|CASH|Chennai|TS|India
88|10044|27|2026-07-01|2026-07-03|3|374.53|18.21|67.42|1123.59|SHIPPED|CASH|Hyderabad|TS|India
89|10770|48|2026-07-01|2026-07-03|8|324.77|39.19|58.46|2598.16|SHIPPED|CARD|Chennai|TS|India
90|10828|31|2026-07-01|2026-07-03|4|189.26|45.2|34.07|757.04|SHIPPED|CARD|Pune|TS|India
91|10472|50|2026-07-01|2026-07-03|10|493.0|14.09|88.74|4930.0|SHIPPED|UPI|Chennai|TS|India
92|10165|13|2026-07-01|2026-07-03|9|238.4|40.06|42.91|2145.6|SHIPPED|CARD|Pune|TS|India
93|10895|24|2026-07-01|2026-07-03|1|338.53|27.73|60.94|338.53|SHIPPED|CARD|Chennai|TS|India
94|10291|6|2026-07-01|2026-07-03|9|433.02|38.16|77.94|3897.18|SHIPPED|UPI|Pune|TS|India
95|10447|6|2026-07-01|2026-07-03|9|116.31|47.32|20.94|1146.79|SHIPPED|CARD|Pune|TS|India
96|10424|4|2026-07-01|2026-07-03|6|468.71|19.82|84.37|2812.26|SHIPPED|UPI|Hyderabad|TS|India
97|10383|15|2026-07-01|2026-07-03|7|497.54|1.41|89.56|3482.78|SHIPPED|CARD|Chennai|TS|India
98|10140|3|2026-07-01|2026-07-03|6|406.12|14.34|73.1|2436.72|SHIPPED|UPI|Chennai|TS|India
99|10480|29|2026-07-01|2026-07-03|3|391.48|30.77|70.47|1174.44|SHIPPED|CARD|Hyderabad|TS|India
100|10153|36|2026-07-01|2026-07-03|5|147.04|47.01|26.47|735.2|SHIPPED|CASH|Chennai|TS|India
101|10295|16|2026-07-01|2026-07-03|7|100.03|15.06|18.01|700.21|SHIPPED|CARD|Hyderabad|TS|India
102|10637|30|2026-07-01|2026-07-03|7|337.53|3.14|60.76|2362.71|SHIPPED|UPI|Chennai|TS|India
103|10527|37|2026-07-01|2026-07-03|9|57.4|12.1|10.33|516.6|SHIPPED|CARD|Pune|TS|India
104|10361|16|2026-07-01|2026-07-03|7|50.7|28.53|9.13|354.9|SHIPPED|CARD|Chennai|TS|India
105|10369|5|2026-07-01|2026-07-03|2|285.57|47.67|51.4|571.14|SHIPPED|CASH|Chennai|TS|India
106|10399|31|2026-07-01|2026-07-03|9|299.37|2.18|53.89|2694.33|SHIPPED|UPI|Pune|TS|India
107|10365|5|2026-07-01|2026-07-03|5|386.29|17.24|69.53|1931.45|SHIPPED|CASH|Chennai|TS|India
108|10752|49|2026-07-01|2026-07-03|2|397.18|16.63|71.49|794.36|SHIPPED|CARD|Pune|TS|India
109|10658|12|2026-07-01|2026-07-03|9|202.35|41.52|36.42|1821.15|SHIPPED|CASH|Pune|TS|India
110|10830|9|2026-07-01|2026-07-03|8|334.28|3.16|60.17|2674.24|SHIPPED|UPI|Hyderabad|TS|India
111|10810|13|2026-07-01|2026-07-03|5|140.72|44.29|25.33|703.6|SHIPPED|UPI|Pune|TS|India
112|10834|35|2026-07-01|2026-07-03|9|229.2|23.67|41.26|2062.8|SHIPPED|CARD|Chennai|TS|India
113|10882|50|2026-07-01|2026-07-03|4|178.75|2.39|32.17|715.0|SHIPPED|CASH|Pune|TS|India
114|10376|28|2026-07-01|2026-07-03|5|106.01|44.47|19.08|530.05|SHIPPED|CASH|Pune|TS|India
115|10191|32|2026-07-01|2026-07-03|7|202.57|34.6|36.46|1417.99|SHIPPED|UPI|Chennai|TS|India
116|10744|28|2026-07-01|2026-07-03|5|410.52|3.95|73.89|2052.6|SHIPPED|CASH|Hyderabad|TS|India
117|10105|6|2026-07-01|2026-07-03|9|182.19|16.4|32.79|1639.71|SHIPPED|UPI|Pune|TS|India
118|10436|11|2026-07-01|2026-07-03|8|321.18|34.49|57.81|2569.44|SHIPPED|UPI|Pune|TS|India
119|10933|23|2026-07-01|2026-07-03|1|377.07|30.74|67.87|377.07|SHIPPED|UPI|Pune|TS|India
120|10652|26|2026-07-01|2026-07-03|1|83.77|18.17|15.08|83.77|SHIPPED|CASH|Chennai|TS|India
121|10146|39|2026-07-01|2026-07-03|3|478.76|33.9|86.18|1436.28|SHIPPED|UPI|Hyderabad|TS|India
122|10797|42|2026-07-01|2026-07-03|3|80.26|18.32|14.45|240.78|SHIPPED|UPI|Chennai|TS|India
123|10695|29|2026-07-01|2026-07-03|1|322.29|47.44|58.01|322.29|SHIPPED|UPI|Pune|TS|India
124|10542|24|2026-07-01|2026-07-03|2|308.26|19.9|55.49|616.52|SHIPPED|CASH|Pune|TS|India
125|10026|48|2026-07-01|2026-07-03|4|482.23|9.3|86.8|1928.92|SHIPPED|CASH|Pune|TS|India
126|10793|17|2026-07-01|2026-07-03|9|102.99|35.2|18.54|926.91|SHIPPED|CARD|Chennai|TS|India
127|10502|13|2026-07-01|2026-07-03|5|362.29|6.13|65.21|1811.45|SHIPPED|CARD|Pune|TS|India
128|10455|6|2026-07-01|2026-07-03|3|454.41|40.53|81.79|1363.23|SHIPPED|UPI|Chennai|TS|India
129|10563|35|2026-07-01|2026-07-03|6|369.29|14.52|66.47|2215.74|SHIPPED|UPI|Hyderabad|TS|India
130|10520|15|2026-07-01|2026-07-03|3|407.16|6.07|73.29|1221.48|SHIPPED|CARD|Hyderabad|TS|India
131|10026|24|2026-07-01|2026-07-03|4|405.67|27.7|73.02|1622.68|SHIPPED|UPI|Pune|TS|India
132|10905|6|2026-07-01|2026-07-03|9|108.4|3.29|19.51|975.6|SHIPPED|UPI|Chennai|TS|India
133|10787|27|2026-07-01|2026-07-03|8|286.56|41.17|51.58|2292.48|SHIPPED|CARD|Hyderabad|TS|India
134|10460|30|2026-07-01|2026-07-03|6|339.05|34.01|61.03|2034.3|SHIPPED|UPI|Hyderabad|TS|India
135|10186|50|2026-07-01|2026-07-03|9|337.91|48.31|60.82|3041.19|SHIPPED|UPI|Chennai|TS|India
136|10530|10|2026-07-01|2026-07-03|1|424.13|15.21|76.34|424.13|SHIPPED|CARD|Pune|TS|India
137|10963|34|2026-07-01|2026-07-03|4|205.71|44.75|37.03|822.84|SHIPPED|CARD|Pune|TS|India
138|10564|18|2026-07-01|2026-07-03|4|335.78|6.26|60.44|1343.12|SHIPPED|UPI|Chennai|TS|India
139|10656|11|2026-07-01|2026-07-03|9|92.04|29.59|16.57|828.36|SHIPPED|CASH|Hyderabad|TS|India
140|10737|39|2026-07-01|2026-07-03|3|346.43|16.88|62.36|1039.29|SHIPPED|CASH|Hyderabad|TS|India
141|10971|42|2026-07-01|2026-07-03|1|86.55|38.55|15.58|86.55|SHIPPED|UPI|Chennai|TS|India
142|10426|40|2026-07-01|2026-07-03|4|395.13|31.95|71.12|1580.52|SHIPPED|UPI|Chennai|TS|India
143|10979|20|2026-07-01|2026-07-03|9|180.35|24.15|32.46|1623.15|SHIPPED|CASH|Pune|TS|India
144|10705|4|2026-07-01|2026-07-03|5|254.09|7.9|45.74|1270.45|SHIPPED|UPI|Pune|TS|India
145|10621|10|2026-07-01|2026-07-03|8|141.81|15.63|25.53|1134.48|SHIPPED|CASH|Pune|TS|India
146|10133|49|2026-07-01|2026-07-03|6|488.92|18.53|88.01|2933.52|SHIPPED|CASH|Hyderabad|TS|India
147|10125|18|2026-07-01|2026-07-03|6|158.78|22.48|28.58|952.68|SHIPPED|CARD|Hyderabad|TS|India
148|10393|40|2026-07-01|2026-07-03|1|180.6|20.91|32.51|180.6|SHIPPED|CARD|Pune|TS|India
149|10194|49|2026-07-01|2026-07-03|10|374.51|7.97|67.41|3745.1|SHIPPED|CASH|Pune|TS|India
150|10509|2|2026-07-01|2026-07-03|8|445.58|4.5|80.2|3564.64|SHIPPED|UPI|Chennai|TS|India
151|10220|38|2026-07-01|2026-07-03|8|485.01|17.64|87.3|3880.08|SHIPPED|CARD|Pune|TS|India
152|10863|42|2026-07-01|2026-07-03|8|318.88|33.63|57.4|2551.04|SHIPPED|UPI|Chennai|TS|India
153|10441|9|2026-07-01|2026-07-03|1|431.23|44.12|77.62|431.23|SHIPPED|CASH|Pune|TS|India
154|10410|4|2026-07-01|2026-07-03|7|214.67|28.51|38.64|1502.69|SHIPPED|CARD|Pune|TS|India
155|10395|33|2026-07-01|2026-07-03|9|179.87|22.52|32.38|1618.83|SHIPPED|CASH|Pune|TS|India
156|10121|9|2026-07-01|2026-07-03|10|356.18|48.75|64.11|3561.8|SHIPPED|UPI|Pune|TS|India
157|10374|49|2026-07-01|2026-07-03|6|301.02|7.21|54.18|1806.12|SHIPPED|CASH|Chennai|TS|India
158|10046|3|2026-07-01|2026-07-03|7|275.04|6.85|49.51|1925.28|SHIPPED|UPI|Pune|TS|India
159|10620|33|2026-07-01|2026-07-03|9|255.64|6.99|46.02|2300.76|SHIPPED|CASH|Pune|TS|India
160|10631|48|2026-07-01|2026-07-03|3|226.83|42.13|40.83|680.49|SHIPPED|CASH|Pune|TS|India
161|10545|32|2026-07-01|2026-07-03|9|422.73|35.44|76.09|3804.57|SHIPPED|UPI|Pune|TS|India
162|10689|8|2026-07-01|2026-07-03|1|215.76|48.99|38.84|215.76|SHIPPED|CASH|Pune|TS|India
163|10271|42|2026-07-01|2026-07-03|1|318.61|39.15|57.35|318.61|SHIPPED|CASH|Chennai|TS|India
164|10597|31|2026-07-01|2026-07-03|4|374.63|8.53|67.43|1498.52|SHIPPED|CASH|Chennai|TS|India
165|10389|10|2026-07-01|2026-07-03|10|398.57|41.08|71.74|3985.7|SHIPPED|CARD|Hyderabad|TS|India
166|10112|13|2026-07-01|2026-07-03|10|476.69|0.95|85.8|4766.9|SHIPPED|UPI|Pune|TS|India
167|10208|27|2026-07-01|2026-07-03|3|235.83|25.09|42.45|707.49|SHIPPED|CASH|Pune|TS|India
168|10531|14|2026-07-01|2026-07-03|1|367.6|28.04|66.17|367.6|SHIPPED|CASH|Pune|TS|India
169|10979|12|2026-07-01|2026-07-03|9|219.57|22.98|39.52|1976.13|SHIPPED|CASH|Pune|TS|India
170|10790|47|2026-07-01|2026-07-03|9|209.43|34.04|37.7|1884.87|SHIPPED|CASH|Pune|TS|India
171|10980|16|2026-07-01|2026-07-03|10|267.88|13.95|48.22|2678.8|SHIPPED|UPI|Hyderabad|TS|India
172|10721|14|2026-07-01|2026-07-03|5|397.03|34.51|71.47|1985.15|SHIPPED|UPI|Pune|TS|India
173|10956|47|2026-07-01|2026-07-03|8|206.96|13.67|37.25|1655.68|SHIPPED|CARD|Chennai|TS|India
174|10404|23|2026-07-01|2026-07-03|9|220.86|47.73|39.75|1987.74|SHIPPED|CARD|Pune|TS|India
175|10731|6|2026-07-01|2026-07-03|1|179.43|17.32|32.3|179.43|SHIPPED|UPI|Chennai|TS|India
176|10219|13|2026-07-01|2026-07-03|5|386.3|41.4|69.53|1931.5|SHIPPED|UPI|Chennai|TS|India
177|10630|48|2026-07-01|2026-07-03|5|111.77|29.34|20.12|558.85|SHIPPED|CARD|Hyderabad|TS|India
178|10238|4|2026-07-01|2026-07-03|9|151.55|5.01|27.28|1363.95|SHIPPED|UPI|Chennai|TS|India
179|10789|9|2026-07-01|2026-07-03|8|95.25|0.26|17.14|762.0|SHIPPED|CASH|Hyderabad|TS|India
180|10901|31|2026-07-01|2026-07-03|7|343.8|23.87|61.88|2406.6|SHIPPED|CARD|Pune|TS|India
181|10060|50|2026-07-01|2026-07-03|6|178.44|4.47|32.12|1070.64|SHIPPED|CASH|Hyderabad|TS|India
182|10870|3|2026-07-01|2026-07-03|9|382.41|45.66|68.83|3441.69|SHIPPED|CARD|Pune|TS|India
183|10037|26|2026-07-01|2026-07-03|3|470.27|39.4|84.65|1410.81|SHIPPED|CARD|Chennai|TS|India
184|10009|20|2026-07-01|2026-07-03|5|444.53|28.4|80.02|2222.65|SHIPPED|CARD|Pune|TS|India
185|10656|35|2026-07-01|2026-07-03|5|254.46|26.22|45.8|1272.3|SHIPPED|CARD|Chennai|TS|India
186|10828|8|2026-07-01|2026-07-03|8|172.78|16.53|31.1|1382.24|SHIPPED|CASH|Pune|TS|India
187|10014|48|2026-07-01|2026-07-03|5|373.37|16.86|67.21|1866.85|SHIPPED|UPI|Chennai|TS|India
188|10876|41|2026-07-01|2026-07-03|4|128.97|44.85|23.21|515.88|SHIPPED|UPI|Chennai|TS|India
189|10685|7|2026-07-01|2026-07-03|6|89.03|9.24|16.03|534.18|SHIPPED|CARD|Pune|TS|India
190|10006|17|2026-07-01|2026-07-03|6|471.12|19.18|84.8|2826.72|SHIPPED|UPI|Pune|TS|India
191|10740|37|2026-07-01|2026-07-03|6|185.88|0.57|33.46|1115.28|SHIPPED|CASH|Pune|TS|India
192|10121|30|2026-07-01|2026-07-03|4|77.96|15.34|14.03|311.84|SHIPPED|UPI|Chennai|TS|India
193|10909|46|2026-07-01|2026-07-03|9|465.4|38.49|83.77|4188.6|SHIPPED|CASH|Hyderabad|TS|India
194|10226|15|2026-07-01|2026-07-03|5|215.39|47.87|38.77|1076.95|SHIPPED|UPI|Hyderabad|TS|India
195|10620|24|2026-07-01|2026-07-03|8|386.48|20.79|69.57|3091.84|SHIPPED|CASH|Pune|TS|India
196|10845|14|2026-07-01|2026-07-03|9|410.9|38.09|73.96|3698.1|SHIPPED|CASH|Chennai|TS|India
197|10540|46|2026-07-01|2026-07-03|2|286.48|18.09|51.57|572.96|SHIPPED|CASH|Hyderabad|TS|India
198|10924|33|2026-07-01|2026-07-03|1|422.95|10.11|76.13|422.95|SHIPPED|CASH|Hyderabad|TS|India
199|10532|29|2026-07-01|2026-07-03|3|197.65|5.81|35.58|592.95|SHIPPED|CARD|Chennai|TS|India
200|10920|33|2026-07-01|2026-07-03|10|269.97|22.27|48.59|2699.7|SHIPPED|CARD|Pune|TS|India
201|10467|37|2026-07-01|2026-07-03|3|280.96|2.89|50.57|842.88|SHIPPED|UPI|Chennai|TS|India
202|10405|17|2026-07-01|2026-07-03|5|375.48|40.82|67.59|1877.4|SHIPPED|CASH|Hyderabad|TS|India
203|10433|23|2026-07-01|2026-07-03|10|82.86|35.02|14.91|828.6|SHIPPED|CASH|Hyderabad|TS|India
204|10483|3|2026-07-01|2026-07-03|2|493.76|14.35|88.88|987.52|SHIPPED|CARD|Hyderabad|TS|India
205|10912|25|2026-07-01|2026-07-03|7|218.51|22.43|39.33|1529.57|SHIPPED|UPI|Pune|TS|India
206|10677|35|2026-07-01|2026-07-03|2|357.23|6.65|64.3|714.46|SHIPPED|UPI|Hyderabad|TS|India
207|10402|34|2026-07-01|2026-07-03|3|496.78|6.37|89.42|1490.34|SHIPPED|CARD|Hyderabad|TS|India
208|10474|44|2026-07-01|2026-07-03|1|490.32|35.95|88.26|490.32|SHIPPED|UPI|Chennai|TS|India
209|10253|30|2026-07-01|2026-07-03|7|420.51|17.31|75.69|2943.57|SHIPPED|UPI|Hyderabad|TS|India
210|10676|27|2026-07-01|2026-07-03|2|64.5|30.75|11.61|129.0|SHIPPED|CARD|Hyderabad|TS|India
211|10608|3|2026-07-01|2026-07-03|4|80.28|22.32|14.45|321.12|SHIPPED|CASH|Chennai|TS|India
212|10045|26|2026-07-01|2026-07-03|1|160.13|21.95|28.82|160.13|SHIPPED|CASH|Hyderabad|TS|India
213|10296|15|2026-07-01|2026-07-03|1|113.06|40.79|20.35|113.06|SHIPPED|CASH|Chennai|TS|India
214|10791|44|2026-07-01|2026-07-03|6|309.86|40.92|55.77|1859.16|SHIPPED|CARD|Pune|TS|India
215|10533|15|2026-07-01|2026-07-03|3|493.56|20.68|88.84|1480.68|SHIPPED|UPI|Hyderabad|TS|India
216|10900|48|2026-07-01|2026-07-03|9|476.83|45.58|85.83|4291.47|SHIPPED|CASH|Chennai|TS|India
217|10048|23|2026-07-01|2026-07-03|7|300.13|47.08|54.02|2100.91|SHIPPED|CASH|Pune|TS|India
218|10426|27|2026-07-01|2026-07-03|9|193.43|7.46|34.82|1740.87|SHIPPED|UPI|Hyderabad|TS|India
219|10869|15|2026-07-01|2026-07-03|9|263.08|15.04|47.35|2367.72|SHIPPED|CASH|Hyderabad|TS|India
220|10575|27|2026-07-01|2026-07-03|8|461.63|48.39|83.09|3693.04|SHIPPED|CASH|Chennai|TS|India
221|10261|14|2026-07-01|2026-07-03|3|224.79|16.51|40.46|674.37|SHIPPED|CARD|Pune|TS|India
222|10741|13|2026-07-01|2026-07-03|6|91.61|2.58|16.49|549.66|SHIPPED|UPI|Chennai|TS|India
223|10894|5|2026-07-01|2026-07-03|10|321.31|9.41|57.84|3213.1|SHIPPED|CASH|Chennai|TS|India
224|10213|22|2026-07-01|2026-07-03|9|147.66|15.16|26.58|1328.94|SHIPPED|CARD|Hyderabad|TS|India
225|10120|48|2026-07-01|2026-07-03|4|482.93|49.98|86.93|1931.72|SHIPPED|UPI|Hyderabad|TS|India
226|10406|16|2026-07-01|2026-07-03|10|366.7|27.6|66.01|3667.0|SHIPPED|UPI|Pune|TS|India
227|10367|20|2026-07-01|2026-07-03|8|290.14|13.08|52.23|2321.12|SHIPPED|CASH|Pune|TS|India
228|10739|31|2026-07-01|2026-07-03|8|94.37|38.08|16.99|754.96|SHIPPED|UPI|Hyderabad|TS|India
229|10046|37|2026-07-01|2026-07-03|6|190.81|43.2|34.35|1144.86|SHIPPED|CASH|Hyderabad|TS|India
230|10957|38|2026-07-01|2026-07-03|1|167.35|28.96|30.12|167.35|SHIPPED|UPI|Pune|TS|India
231|10235|25|2026-07-01|2026-07-03|3|138.29|28.49|24.89|414.87|SHIPPED|CARD|Pune|TS|India
232|10701|22|2026-07-01|2026-07-03|9|344.57|12.87|62.02|3101.13|SHIPPED|UPI|Chennai|TS|India
233|10750|23|2026-07-01|2026-07-03|8|257.37|8.46|46.33|2058.96|SHIPPED|CASH|Chennai|TS|India
234|10910|35|2026-07-01|2026-07-03|8|132.82|49.52|23.91|1062.56|SHIPPED|CARD|Chennai|TS|India
235|10076|43|2026-07-01|2026-07-03|1|427.58|2.43|76.96|427.58|SHIPPED|CARD|Pune|TS|India
236|10236|5|2026-07-01|2026-07-03|3|429.15|35.36|77.25|1287.45|SHIPPED|CARD|Hyderabad|TS|India
237|10061|40|2026-07-01|2026-07-03|9|255.2|31.89|45.94|2296.8|SHIPPED|CASH|Pune|TS|India
238|10544|36|2026-07-01|2026-07-03|8|57.08|20.57|10.27|456.64|SHIPPED|CARD|Chennai|TS|India
239|10293|2|2026-07-01|2026-07-03|5|291.08|25.11|52.39|1455.4|SHIPPED|CASH|Chennai|TS|India
240|10931|12|2026-07-01|2026-07-03|7|412.78|5.35|74.3|2889.46|SHIPPED|CARD|Chennai|TS|India
241|10634|34|2026-07-01|2026-07-03|3|158.44|12.62|28.52|475.32|SHIPPED|UPI|Pune|TS|India
242|10982|26|2026-07-01|2026-07-03|7|85.56|22.95|15.4|598.92|SHIPPED|CARD|Chennai|TS|India
243|10847|6|2026-07-01|2026-07-03|4|184.99|32.69|33.3|739.96|SHIPPED|CASH|Hyderabad|TS|India
244|10386|36|2026-07-01|2026-07-03|2|232.38|23.8|41.83|464.76|SHIPPED|CASH|Hyderabad|TS|India
245|10865|28|2026-07-01|2026-07-03|3|87.21|32.25|15.7|261.63|SHIPPED|UPI|Chennai|TS|India
246|10941|3|2026-07-01|2026-07-03|2|452.66|11.49|81.48|905.32|SHIPPED|CASH|Chennai|TS|India
247|10946|5|2026-07-01|2026-07-03|8|171.99|34.22|30.96|1375.92|SHIPPED|UPI|Chennai|TS|India
248|10183|21|2026-07-01|2026-07-03|10|346.15|0.78|62.31|3461.5|SHIPPED|CARD|Chennai|TS|India
249|10729|26|2026-07-01|2026-07-03|3|388.51|46.44|69.93|1165.53|SHIPPED|UPI|Hyderabad|TS|India
250|10854|25|2026-07-01|2026-07-03|10|158.21|33.85|28.48|1582.1|SHIPPED|CASH|Pune|TS|India
251|10143|45|2026-07-01|2026-07-03|7|390.02|36.21|70.2|2730.14|SHIPPED|CASH|Chennai|TS|India
252|10447|15|2026-07-01|2026-07-03|6|74.16|41.93|13.35|444.96|SHIPPED|UPI|Chennai|TS|India
253|10406|50|2026-07-01|2026-07-03|10|479.69|16.32|86.34|4796.9|SHIPPED|CASH|Pune|TS|India
254|10364|36|2026-07-01|2026-07-03|8|270.77|47.06|48.74|2166.16|SHIPPED|UPI|Hyderabad|TS|India
255|10087|50|2026-07-01|2026-07-03|10|347.3|30.93|62.51|3473.0|SHIPPED|CARD|Chennai|TS|India
256|10157|25|2026-07-01|2026-07-03|2|86.92|35.58|15.65|173.84|SHIPPED|CASH|Hyderabad|TS|India
257|10109|6|2026-07-01|2026-07-03|7|192.51|0.26|34.65|1347.57|SHIPPED|UPI|Pune|TS|India
258|10104|9|2026-07-01|2026-07-03|6|392.61|4.36|70.67|2355.66|SHIPPED|UPI|Pune|TS|India
259|10417|7|2026-07-01|2026-07-03|9|299.63|1.31|53.93|2696.67|SHIPPED|UPI|Chennai|TS|India
260|10803|21|2026-07-01|2026-07-03|2|318.62|43.19|57.35|637.24|SHIPPED|CARD|Pune|TS|India
261|10086|47|2026-07-01|2026-07-03|7|224.51|45.06|40.41|1571.57|SHIPPED|CARD|Chennai|TS|India
262|10389|11|2026-07-01|2026-07-03|9|126.31|6.94|22.74|1136.79|SHIPPED|UPI|Pune|TS|India
263|10171|28|2026-07-01|2026-07-03|8|115.67|13.8|20.82|925.36|SHIPPED|UPI|Pune|TS|India
264|10966|16|2026-07-01|2026-07-03|2|212.51|36.04|38.25|425.02|SHIPPED|UPI|Chennai|TS|India
265|10109|9|2026-07-01|2026-07-03|10|138.0|15.23|24.84|1380.0|SHIPPED|UPI|Pune|TS|India
266|10882|22|2026-07-01|2026-07-03|10|220.95|22.01|39.77|2209.5|SHIPPED|UPI|Chennai|TS|India
267|10328|39|2026-07-01|2026-07-03|10|111.26|47.36|20.03|1112.6|SHIPPED|CARD|Pune|TS|India
268|10407|21|2026-07-01|2026-07-03|6|129.94|14.57|23.39|779.64|SHIPPED|CASH|Chennai|TS|India
269|10800|16|2026-07-01|2026-07-03|8|485.49|16.29|87.39|3883.92|SHIPPED|UPI|Pune|TS|India
270|10577|13|2026-07-01|2026-07-03|6|101.25|29.61|18.22|607.5|SHIPPED|CASH|Hyderabad|TS|India
271|10744|30|2026-07-01|2026-07-03|9|62.11|47.15|11.18|558.99|SHIPPED|CARD|Pune|TS|India
272|10070|27|2026-07-01|2026-07-03|5|424.08|33.65|76.33|2120.4|SHIPPED|CARD|Chennai|TS|India
273|10674|10|2026-07-01|2026-07-03|5|158.91|35.76|28.6|794.55|SHIPPED|UPI|Hyderabad|TS|India
274|10490|38|2026-07-01|2026-07-03|8|495.82|20.04|89.25|3966.56|SHIPPED|CASH|Chennai|TS|India
275|10809|24|2026-07-01|2026-07-03|7|294.64|35.08|53.04|2062.48|SHIPPED|CASH|Chennai|TS|India
276|10254|43|2026-07-01|2026-07-03|2|99.22|33.23|17.86|198.44|SHIPPED|CARD|Chennai|TS|India
277|10660|44|2026-07-01|2026-07-03|10|69.93|32.34|12.59|699.3|SHIPPED|UPI|Pune|TS|India
278|10264|15|2026-07-01|2026-07-03|2|54.75|25.53|9.86|109.5|SHIPPED|CASH|Chennai|TS|India
279|10226|29|2026-07-01|2026-07-03|10|359.45|18.71|64.7|3594.5|SHIPPED|UPI|Chennai|TS|India
280|10154|23|2026-07-01|2026-07-03|10|360.7|49.89|64.93|3607.0|SHIPPED|UPI|Hyderabad|TS|India
281|10984|6|2026-07-01|2026-07-03|5|237.19|5.8|42.69|1185.95|SHIPPED|CASH|Hyderabad|TS|India
282|10466|14|2026-07-01|2026-07-03|6|190.35|26.06|34.26|1142.1|SHIPPED|UPI|Pune|TS|India
283|10713|29|2026-07-01|2026-07-03|2|247.17|15.95|44.49|494.34|SHIPPED|UPI|Hyderabad|TS|India
284|10351|42|2026-07-01|2026-07-03|2|60.16|5.47|10.83|120.32|SHIPPED|CARD|Chennai|TS|India
285|10565|11|2026-07-01|2026-07-03|4|282.2|16.55|50.8|1128.8|SHIPPED|UPI|Pune|TS|India
286|10644|12|2026-07-01|2026-07-03|4|408.99|9.32|73.62|1635.96|SHIPPED|CASH|Pune|TS|India
287|10628|13|2026-07-01|2026-07-03|7|63.14|22.48|11.37|441.98|SHIPPED|UPI|Pune|TS|India
288|10210|18|2026-07-01|2026-07-03|1|367.13|37.62|66.08|367.13|SHIPPED|CARD|Chennai|TS|India
289|10549|12|2026-07-01|2026-07-03|2|409.78|18.29|73.76|819.56|SHIPPED|CARD|Pune|TS|India
290|10883|32|2026-07-01|2026-07-03|2|168.06|26.39|30.25|336.12|SHIPPED|CASH|Pune|TS|India
291|10401|38|2026-07-01|2026-07-03|10|224.89|5.71|40.48|2248.9|SHIPPED|UPI|Pune|TS|India
292|10689|46|2026-07-01|2026-07-03|10|127.64|40.03|22.98|1276.4|SHIPPED|CASH|Chennai|TS|India
293|10320|8|2026-07-01|2026-07-03|2|352.45|11.93|63.44|704.9|SHIPPED|CARD|Hyderabad|TS|India
294|10523|25|2026-07-01|2026-07-03|6|362.05|20.91|65.17|2172.3|SHIPPED|CARD|Chennai|TS|India
295|10498|41|2026-07-01|2026-07-03|7|240.37|26.87|43.27|1682.59|SHIPPED|CASH|Hyderabad|TS|India
296|10295|9|2026-07-01|2026-07-03|9|125.09|9.35|22.52|1125.81|SHIPPED|UPI|Chennai|TS|India
297|10974|1|2026-07-01|2026-07-03|1|439.49|24.23|79.11|439.49|SHIPPED|CARD|Pune|TS|India
298|10506|27|2026-07-01|2026-07-03|9|277.45|34.23|49.94|2497.05|SHIPPED|UPI|Chennai|TS|India
299|10084|37|2026-07-01|2026-07-03|8|269.91|1.54|48.58|2159.28|SHIPPED|CARD|Pune|TS|India
300|10550|19|2026-07-01|2026-07-03|1|173.68|8.41|31.26|173.68|SHIPPED|UPI|Chennai|TS|India
301|10115|37|2026-07-01|2026-07-03|8|297.38|5.71|53.53|2379.04|SHIPPED|CASH|Pune|TS|India
302|10042|49|2026-07-01|2026-07-03|9|420.17|35.95|75.63|3781.53|SHIPPED|CASH|Hyderabad|TS|India
303|10849|42|2026-07-01|2026-07-03|7|96.09|37.57|17.3|672.63|SHIPPED|UPI|Hyderabad|TS|India
304|10882|6|2026-07-01|2026-07-03|8|168.27|21.95|30.29|1346.16|SHIPPED|CARD|Hyderabad|TS|India
305|10602|45|2026-07-01|2026-07-03|4|414.82|17.53|74.67|1659.28|SHIPPED|CASH|Chennai|TS|India
306|10142|14|2026-07-01|2026-07-03|7|124.69|40.68|22.44|872.83|SHIPPED|CARD|Chennai|TS|India
307|10611|35|2026-07-01|2026-07-03|6|289.53|8.42|52.12|1737.18|SHIPPED|CASH|Pune|TS|India
308|10975|33|2026-07-01|2026-07-03|5|307.73|49.27|55.39|1538.65|SHIPPED|CASH|Hyderabad|TS|India
309|10804|27|2026-07-01|2026-07-03|3|483.25|45.94|86.98|1449.75|SHIPPED|UPI|Chennai|TS|India
310|10135|16|2026-07-01|2026-07-03|3|365.64|7.31|65.82|1096.92|SHIPPED|UPI|Hyderabad|TS|India
311|10591|41|2026-07-01|2026-07-03|7|270.26|13.44|48.65|1891.82|SHIPPED|UPI|Pune|TS|India
312|10813|50|2026-07-01|2026-07-03|8|83.98|4.65|15.12|671.84|SHIPPED|CASH|Chennai|TS|India
313|10898|24|2026-07-01|2026-07-03|5|362.62|22.73|65.27|1813.1|SHIPPED|UPI|Pune|TS|India
314|10792|47|2026-07-01|2026-07-03|10|51.11|4.66|9.2|511.1|SHIPPED|UPI|Chennai|TS|India
315|10814|35|2026-07-01|2026-07-03|6|432.55|19.89|77.86|2595.3|SHIPPED|UPI|Hyderabad|TS|India
316|10848|19|2026-07-01|2026-07-03|8|170.84|16.89|30.75|1366.72|SHIPPED|CASH|Hyderabad|TS|India
317|10807|22|2026-07-01|2026-07-03|10|433.59|44.71|78.05|4335.9|SHIPPED|CARD|Hyderabad|TS|India
318|10856|30|2026-07-01|2026-07-03|2|331.78|0.81|59.72|663.56|SHIPPED|CARD|Pune|TS|India
319|10981|28|2026-07-01|2026-07-03|8|50.3|10.12|9.05|402.4|SHIPPED|CASH|Hyderabad|TS|India
320|10955|18|2026-07-01|2026-07-03|5|121.54|4.67|21.88|607.7|SHIPPED|UPI|Pune|TS|India
321|10925|42|2026-07-01|2026-07-03|2|217.33|8.28|39.12|434.66|SHIPPED|UPI|Chennai|TS|India
322|10773|15|2026-07-01|2026-07-03|5|376.69|21.46|67.8|1883.45|SHIPPED|CARD|Chennai|TS|India
323|10488|5|2026-07-01|2026-07-03|2|50.49|6.63|9.09|100.98|SHIPPED|CARD|Chennai|TS|India
324|10712|22|2026-07-01|2026-07-03|8|54.18|40.86|9.75|433.44|SHIPPED|UPI|Chennai|TS|India
325|10234|25|2026-07-01|2026-07-03|3|264.97|4.47|47.69|794.91|SHIPPED|CARD|Hyderabad|TS|India
326|10306|9|2026-07-01|2026-07-03|6|215.4|19.14|38.77|1292.4|SHIPPED|CARD|Chennai|TS|India
327|10576|1|2026-07-01|2026-07-03|3|80.79|30.52|14.54|242.37|SHIPPED|CARD|Pune|TS|India
328|10643|48|2026-07-01|2026-07-03|6|375.09|7.57|67.52|2250.54|SHIPPED|UPI|Chennai|TS|India
329|10088|7|2026-07-01|2026-07-03|8|436.98|7.0|78.66|3495.84|SHIPPED|CARD|Chennai|TS|India
330|10439|21|2026-07-01|2026-07-03|7|208.19|39.55|37.47|1457.33|SHIPPED|CARD|Pune|TS|India
331|10615|39|2026-07-01|2026-07-03|2|161.68|36.06|29.1|323.36|SHIPPED|UPI|Chennai|TS|India
332|10674|20|2026-07-01|2026-07-03|1|431.55|10.27|77.68|431.55|SHIPPED|CASH|Chennai|TS|India
333|10302|42|2026-07-01|2026-07-03|4|386.53|2.73|69.58|1546.12|SHIPPED|CARD|Pune|TS|India
334|10511|41|2026-07-01|2026-07-03|7|100.73|29.7|18.13|705.11|SHIPPED|CASH|Hyderabad|TS|India
335|10135|25|2026-07-01|2026-07-03|6|470.27|43.04|84.65|2821.62|SHIPPED|CASH|Pune|TS|India
336|10176|49|2026-07-01|2026-07-03|6|295.86|23.55|53.25|1775.16|SHIPPED|CARD|Hyderabad|TS|India
337|10268|14|2026-07-01|2026-07-03|10|80.39|1.99|14.47|803.9|SHIPPED|CARD|Pune|TS|India
338|10729|33|2026-07-01|2026-07-03|9|178.92|38.36|32.21|1610.28|SHIPPED|UPI|Chennai|TS|India
339|10549|35|2026-07-01|2026-07-03|7|87.09|30.8|15.68|609.63|SHIPPED|UPI|Hyderabad|TS|India
340|10943|14|2026-07-01|2026-07-03|5|85.56|48.72|15.4|427.8|SHIPPED|CARD|Chennai|TS|India
341|10649|49|2026-07-01|2026-07-03|6|225.83|41.73|40.65|1354.98|SHIPPED|CASH|Chennai|TS|India
342|10447|47|2026-07-01|2026-07-03|2|189.58|47.67|34.12|379.16|SHIPPED|CARD|Hyderabad|TS|India
343|10444|8|2026-07-01|2026-07-03|4|88.8|22.67|15.98|355.2|SHIPPED|CASH|Hyderabad|TS|India
344|10673|48|2026-07-01|2026-07-03|5|349.74|8.78|62.95|1748.7|SHIPPED|CARD|Chennai|TS|India
345|10167|32|2026-07-01|2026-07-03|3|365.67|47.65|65.82|1097.01|SHIPPED|CASH|Chennai|TS|India
346|10129|48|2026-07-01|2026-07-03|5|125.13|39.06|22.52|625.65|SHIPPED|UPI|Chennai|TS|India
347|10030|22|2026-07-01|2026-07-03|2|397.14|40.36|71.49|794.28|SHIPPED|UPI|Chennai|TS|India
348|10998|37|2026-07-01|2026-07-03|2|168.33|31.38|30.3|336.66|SHIPPED|UPI|Pune|TS|India
349|10511|37|2026-07-01|2026-07-03|9|212.06|8.34|38.17|1908.54|SHIPPED|CARD|Pune|TS|India
350|10690|47|2026-07-01|2026-07-03|2|452.42|5.77|81.44|904.84|SHIPPED|CASH|Chennai|TS|India
351|10883|1|2026-07-01|2026-07-03|1|69.82|12.23|12.57|69.82|SHIPPED|UPI|Pune|TS|India
352|10183|3|2026-07-01|2026-07-03|7|464.1|27.64|83.54|3248.7|SHIPPED|CASH|Chennai|TS|India
353|10254|27|2026-07-01|2026-07-03|7|151.03|45.79|27.19|1057.21|SHIPPED|UPI|Pune|TS|India
354|10122|33|2026-07-01|2026-07-03|2|307.19|33.67|55.29|614.38|SHIPPED|CARD|Hyderabad|TS|India
355|10047|26|2026-07-01|2026-07-03|4|411.95|3.45|74.15|1647.8|SHIPPED|UPI|Pune|TS|India
356|10566|30|2026-07-01|2026-07-03|5|197.29|0.4|35.51|986.45|SHIPPED|CARD|Pune|TS|India
357|10757|40|2026-07-01|2026-07-03|10|403.03|12.13|72.55|4030.3|SHIPPED|UPI|Chennai|TS|India
358|10794|13|2026-07-01|2026-07-03|8|499.0|36.62|89.82|3992.0|SHIPPED|CASH|Hyderabad|TS|India
359|10419|2|2026-07-01|2026-07-03|3|52.87|11.65|9.52|158.61|SHIPPED|UPI|Chennai|TS|India
360|10001|49|2026-07-01|2026-07-03|1|477.95|32.87|86.03|477.95|SHIPPED|CASH|Chennai|TS|India
361|10542|16|2026-07-01|2026-07-03|5|96.78|20.99|17.42|483.9|SHIPPED|CARD|Hyderabad|TS|India
362|10943|15|2026-07-01|2026-07-03|5|91.86|44.86|16.53|459.3|SHIPPED|CASH|Pune|TS|India
363|10765|6|2026-07-01|2026-07-03|6|256.31|29.04|46.14|1537.86|SHIPPED|CASH|Hyderabad|TS|India
364|10581|4|2026-07-01|2026-07-03|7|83.67|21.75|15.06|585.69|SHIPPED|CARD|Hyderabad|TS|India
365|10322|26|2026-07-01|2026-07-03|5|167.45|35.04|30.14|837.25|SHIPPED|CASH|Pune|TS|India
366|10239|5|2026-07-01|2026-07-03|6|253.74|47.18|45.67|1522.44|SHIPPED|CARD|Chennai|TS|India
367|10168|29|2026-07-01|2026-07-03|2|119.93|23.3|21.59|239.86|SHIPPED|UPI|Hyderabad|TS|India
368|10788|14|2026-07-01|2026-07-03|9|211.23|22.6|38.02|1901.07|SHIPPED|UPI|Pune|TS|India
369|10826|44|2026-07-01|2026-07-03|2|90.69|15.21|16.32|181.38|SHIPPED|CASH|Chennai|TS|India
370|10855|21|2026-07-01|2026-07-03|10|68.15|7.42|12.27|681.5|SHIPPED|CASH|Hyderabad|TS|India
371|10050|44|2026-07-01|2026-07-03|6|228.31|14.94|41.1|1369.86|SHIPPED|CARD|Hyderabad|TS|India
372|10569|48|2026-07-01|2026-07-03|7|434.57|27.51|78.22|3041.99|SHIPPED|CARD|Pune|TS|India
373|10143|8|2026-07-01|2026-07-03|2|411.75|0.6|74.11|823.5|SHIPPED|CARD|Hyderabad|TS|India
374|10381|44|2026-07-01|2026-07-03|4|420.65|31.51|75.72|1682.6|SHIPPED|CASH|Hyderabad|TS|India
375|10939|5|2026-07-01|2026-07-03|10|313.75|1.09|56.48|3137.5|SHIPPED|CARD|Hyderabad|TS|India
376|10094|22|2026-07-01|2026-07-03|8|414.18|6.13|74.55|3313.44|SHIPPED|UPI|Hyderabad|TS|India
377|10443|47|2026-07-01|2026-07-03|3|465.86|19.75|83.85|1397.58|SHIPPED|CARD|Pune|TS|India
378|10219|12|2026-07-01|2026-07-03|7|127.76|13.75|23.0|894.32|SHIPPED|UPI|Hyderabad|TS|India
379|10631|16|2026-07-01|2026-07-03|1|326.35|32.36|58.74|326.35|SHIPPED|UPI|Pune|TS|India
380|10089|18|2026-07-01|2026-07-03|9|265.56|19.15|47.8|2390.04|SHIPPED|UPI|Hyderabad|TS|India
381|10821|35|2026-07-01|2026-07-03|9|162.12|39.74|29.18|1459.08|SHIPPED|UPI|Chennai|TS|India
382|10800|32|2026-07-01|2026-07-03|6|265.86|17.2|47.85|1595.16|SHIPPED|CASH|Chennai|TS|India
383|10184|2|2026-07-01|2026-07-03|6|224.77|15.94|40.46|1348.62|SHIPPED|CARD|Hyderabad|TS|India
384|10483|34|2026-07-01|2026-07-03|5|76.37|17.87|13.75|381.85|SHIPPED|CASH|Hyderabad|TS|India
385|10672|16|2026-07-01|2026-07-03|3|95.06|13.33|17.11|285.18|SHIPPED|CASH|Hyderabad|TS|India
386|10816|25|2026-07-01|2026-07-03|4|309.06|17.74|55.63|1236.24|SHIPPED|CARD|Hyderabad|TS|India
387|10825|48|2026-07-01|2026-07-03|4|316.63|34.88|56.99|1266.52|SHIPPED|CASH|Hyderabad|TS|India
388|10577|10|2026-07-01|2026-07-03|6|476.4|28.16|85.75|2858.4|SHIPPED|CARD|Pune|TS|India
389|10502|3|2026-07-01|2026-07-03|9|189.07|4.51|34.03|1701.63|SHIPPED|CARD|Chennai|TS|India
390|10489|1|2026-07-01|2026-07-03|4|58.97|16.59|10.61|235.88|SHIPPED|CASH|Hyderabad|TS|India
391|10181|21|2026-07-01|2026-07-03|3|203.34|2.98|36.6|610.02|SHIPPED|CARD|Chennai|TS|India
392|10866|34|2026-07-01|2026-07-03|3|398.46|43.03|71.72|1195.38|SHIPPED|CARD|Pune|TS|India
393|10344|20|2026-07-01|2026-07-03|7|313.71|16.13|56.47|2195.97|SHIPPED|CARD|Chennai|TS|India
394|10983|32|2026-07-01|2026-07-03|7|406.33|32.46|73.14|2844.31|SHIPPED|CARD|Chennai|TS|India
395|10951|40|2026-07-01|2026-07-03|9|362.1|39.35|65.18|3258.9|SHIPPED|CARD|Chennai|TS|India
396|10387|20|2026-07-01|2026-07-03|10|416.5|36.7|74.97|4165.0|SHIPPED|UPI|Hyderabad|TS|India
397|10971|45|2026-07-01|2026-07-03|3|377.97|47.43|68.03|1133.91|SHIPPED|UPI|Chennai|TS|India
398|10325|40|2026-07-01|2026-07-03|1|131.94|11.04|23.75|131.94|SHIPPED|CASH|Hyderabad|TS|India
399|10763|5|2026-07-01|2026-07-03|8|113.29|11.9|20.39|906.32|SHIPPED|UPI|Hyderabad|TS|India
400|10686|41|2026-07-01|2026-07-03|2|419.75|36.46|75.55|839.5|SHIPPED|UPI|Pune|TS|India
401|10255|45|2026-07-01|2026-07-03|1|169.35|3.39|30.48|169.35|SHIPPED|UPI|Hyderabad|TS|India
402|10448|47|2026-07-01|2026-07-03|1|71.67|20.98|12.9|71.67|SHIPPED|CARD|Pune|TS|India
403|10359|35|2026-07-01|2026-07-03|8|446.8|18.77|80.42|3574.4|SHIPPED|UPI|Chennai|TS|India
404|10075|3|2026-07-01|2026-07-03|4|123.2|14.75|22.18|492.8|SHIPPED|UPI|Pune|TS|India
405|10174|25|2026-07-01|2026-07-03|2|83.39|8.05|15.01|166.78|SHIPPED|CARD|Chennai|TS|India
406|10628|31|2026-07-01|2026-07-03|2|202.08|35.23|36.37|404.16|SHIPPED|UPI|Chennai|TS|India
407|10444|11|2026-07-01|2026-07-03|3|323.29|2.68|58.19|969.87|SHIPPED|UPI|Hyderabad|TS|India
408|10567|47|2026-07-01|2026-07-03|4|234.18|46.28|42.15|936.72|SHIPPED|CASH|Pune|TS|India
409|10098|4|2026-07-01|2026-07-03|5|183.83|19.65|33.09|919.15|SHIPPED|CASH|Pune|TS|India
410|10003|28|2026-07-01|2026-07-03|3|74.53|4.38|13.42|223.59|SHIPPED|CASH|Chennai|TS|India
411|10099|2|2026-07-01|2026-07-03|10|266.15|10.35|47.91|2661.5|SHIPPED|CASH|Pune|TS|India
412|10118|20|2026-07-01|2026-07-03|2|263.11|39.24|47.36|526.22|SHIPPED|UPI|Pune|TS|India
413|10557|25|2026-07-01|2026-07-03|5|91.01|9.24|16.38|455.05|SHIPPED|UPI|Pune|TS|India
414|10269|29|2026-07-01|2026-07-03|3|250.6|23.25|45.11|751.8|SHIPPED|CARD|Pune|TS|India
415|10770|45|2026-07-01|2026-07-03|10|77.74|33.37|13.99|777.4|SHIPPED|CARD|Chennai|TS|India
416|10423|49|2026-07-01|2026-07-03|6|413.68|29.49|74.46|2482.08|SHIPPED|CASH|Hyderabad|TS|India
417|10428|35|2026-07-01|2026-07-03|7|418.28|34.35|75.29|2927.96|SHIPPED|UPI|Chennai|TS|India
418|10080|26|2026-07-01|2026-07-03|4|264.32|45.14|47.58|1057.28|SHIPPED|CASH|Hyderabad|TS|India
419|10529|37|2026-07-01|2026-07-03|9|307.05|33.88|55.27|2763.45|SHIPPED|CASH|Hyderabad|TS|India
420|10459|12|2026-07-01|2026-07-03|2|477.16|47.45|85.89|954.32|SHIPPED|CARD|Hyderabad|TS|India
421|10433|6|2026-07-01|2026-07-03|4|106.78|49.41|19.22|427.12|SHIPPED|UPI|Hyderabad|TS|India
422|10264|21|2026-07-01|2026-07-03|3|425.35|45.54|76.56|1276.05|SHIPPED|CARD|Hyderabad|TS|India
423|10565|21|2026-07-01|2026-07-03|7|300.36|42.83|54.06|2102.52|SHIPPED|CASH|Pune|TS|India
424|10638|38|2026-07-01|2026-07-03|1|403.95|26.13|72.71|403.95|SHIPPED|UPI|Hyderabad|TS|India
425|10580|38|2026-07-01|2026-07-03|7|117.34|29.13|21.12|821.38|SHIPPED|CARD|Hyderabad|TS|India
426|10804|19|2026-07-01|2026-07-03|10|400.8|43.37|72.14|4008.0|SHIPPED|UPI|Pune|TS|India
427|10497|37|2026-07-01|2026-07-03|5|222.37|30.45|40.03|1111.85|SHIPPED|CARD|Hyderabad|TS|India
428|10633|39|2026-07-01|2026-07-03|5|231.34|34.04|41.64|1156.7|SHIPPED|UPI|Hyderabad|TS|India
429|10339|45|2026-07-01|2026-07-03|7|450.31|11.88|81.06|3152.17|SHIPPED|CASH|Pune|TS|India
430|10020|22|2026-07-01|2026-07-03|5|453.66|40.87|81.66|2268.3|SHIPPED|UPI|Pune|TS|India
431|10878|45|2026-07-01|2026-07-03|5|429.28|34.24|77.27|2146.4|SHIPPED|CARD|Hyderabad|TS|India
432|10453|50|2026-07-01|2026-07-03|5|488.4|41.29|87.91|2442.0|SHIPPED|UPI|Chennai|TS|India
433|10091|13|2026-07-01|2026-07-03|7|322.24|22.09|58.0|2255.68|SHIPPED|UPI|Chennai|TS|India
434|10888|24|2026-07-01|2026-07-03|8|391.77|41.05|70.52|3134.16|SHIPPED|CASH|Hyderabad|TS|India
435|10518|26|2026-07-01|2026-07-03|2|190.01|6.78|34.2|380.02|SHIPPED|CASH|Chennai|TS|India
436|10896|13|2026-07-01|2026-07-03|1|128.18|41.85|23.07|128.18|SHIPPED|CARD|Hyderabad|TS|India
437|10369|46|2026-07-01|2026-07-03|8|72.75|9.96|13.09|582.0|SHIPPED|UPI|Pune|TS|India
438|10945|8|2026-07-01|2026-07-03|9|228.62|34.06|41.15|2057.58|SHIPPED|CARD|Pune|TS|India
439|10181|31|2026-07-01|2026-07-03|8|317.32|29.34|57.12|2538.56|SHIPPED|UPI|Pune|TS|India
440|10264|48|2026-07-01|2026-07-03|3|426.94|41.54|76.85|1280.82|SHIPPED|CARD|Pune|TS|India
441|10166|37|2026-07-01|2026-07-03|1|223.95|38.99|40.31|223.95|SHIPPED|CARD|Hyderabad|TS|India
442|10275|42|2026-07-01|2026-07-03|4|354.96|20.48|63.89|1419.84|SHIPPED|CARD|Chennai|TS|India
443|10135|42|2026-07-01|2026-07-03|1|263.34|8.66|47.4|263.34|SHIPPED|CARD|Hyderabad|TS|India
444|10965|20|2026-07-01|2026-07-03|5|323.75|35.64|58.27|1618.75|SHIPPED|CASH|Chennai|TS|India
445|10385|23|2026-07-01|2026-07-03|5|240.71|22.95|43.33|1203.55|SHIPPED|CARD|Pune|TS|India
446|10844|40|2026-07-01|2026-07-03|5|354.74|19.86|63.85|1773.7|SHIPPED|CARD|Hyderabad|TS|India
447|10989|24|2026-07-01|2026-07-03|9|499.74|28.07|89.95|4497.66|SHIPPED|CASH|Chennai|TS|India
448|10110|31|2026-07-01|2026-07-03|5|184.31|3.19|33.18|921.55|SHIPPED|UPI|Chennai|TS|India
449|10267|42|2026-07-01|2026-07-03|6|437.67|35.55|78.78|2626.02|SHIPPED|CASH|Pune|TS|India
450|10783|16|2026-07-01|2026-07-03|4|117.47|44.98|21.14|469.88|SHIPPED|CASH|Pune|TS|India
451|10738|2|2026-07-01|2026-07-03|6|356.34|32.77|64.14|2138.04|SHIPPED|UPI|Pune|TS|India
452|10754|3|2026-07-01|2026-07-03|7|232.07|29.15|41.77|1624.49|SHIPPED|CASH|Hyderabad|TS|India
453|10227|44|2026-07-01|2026-07-03|6|376.95|26.73|67.85|2261.7|SHIPPED|UPI|Chennai|TS|India
454|10865|11|2026-07-01|2026-07-03|6|278.29|42.03|50.09|1669.74|SHIPPED|CASH|Hyderabad|TS|India
455|10131|48|2026-07-01|2026-07-03|5|93.92|12.93|16.91|469.6|SHIPPED|CASH|Hyderabad|TS|India
456|10227|23|2026-07-01|2026-07-03|6|344.5|11.17|62.01|2067.0|SHIPPED|UPI|Pune|TS|India
457|10599|19|2026-07-01|2026-07-03|6|217.26|23.19|39.11|1303.56|SHIPPED|CARD|Pune|TS|India
458|10597|38|2026-07-01|2026-07-03|1|439.88|47.22|79.18|439.88|SHIPPED|CARD|Pune|TS|India
459|10888|44|2026-07-01|2026-07-03|4|275.21|19.08|49.54|1100.84|SHIPPED|UPI|Pune|TS|India
460|10154|9|2026-07-01|2026-07-03|1|441.88|49.62|79.54|441.88|SHIPPED|UPI|Pune|TS|India
461|10468|10|2026-07-01|2026-07-03|10|451.78|15.82|81.32|4517.8|SHIPPED|CASH|Hyderabad|TS|India
462|10646|12|2026-07-01|2026-07-03|2|269.41|15.67|48.49|538.82|SHIPPED|CARD|Hyderabad|TS|India
463|10779|50|2026-07-01|2026-07-03|8|173.09|8.43|31.16|1384.72|SHIPPED|CARD|Pune|TS|India
464|10444|41|2026-07-01|2026-07-03|2|108.23|21.47|19.48|216.46|SHIPPED|UPI|Pune|TS|India
465|10546|13|2026-07-01|2026-07-03|7|52.1|36.53|9.38|364.7|SHIPPED|CARD|Pune|TS|India
466|10692|1|2026-07-01|2026-07-03|9|135.76|31.33|24.44|1221.84|SHIPPED|CARD|Hyderabad|TS|India
467|10105|25|2026-07-01|2026-07-03|6|190.44|25.17|34.28|1142.64|SHIPPED|UPI|Hyderabad|TS|India
468|10305|19|2026-07-01|2026-07-03|2|420.73|22.8|75.73|841.46|SHIPPED|CASH|Chennai|TS|India
469|10909|44|2026-07-01|2026-07-03|9|202.03|49.77|36.37|1818.27|SHIPPED|UPI|Pune|TS|India
470|10168|26|2026-07-01|2026-07-03|6|387.55|0.96|69.76|2325.3|SHIPPED|CARD|Chennai|TS|India
471|10022|38|2026-07-01|2026-07-03|3|145.04|25.23|26.11|435.12|SHIPPED|CARD|Pune|TS|India
472|10655|17|2026-07-01|2026-07-03|1|218.84|38.56|39.39|218.84|SHIPPED|CASH|Hyderabad|TS|India
473|10677|7|2026-07-01|2026-07-03|10|497.61|32.68|89.57|4976.1|SHIPPED|CARD|Hyderabad|TS|India
474|10389|8|2026-07-01|2026-07-03|2|237.55|27.36|42.76|475.1|SHIPPED|UPI|Chennai|TS|India
475|10702|41|2026-07-01|2026-07-03|3|142.47|0.47|25.64|427.41|SHIPPED|UPI|Chennai|TS|India
476|10276|40|2026-07-01|2026-07-03|2|348.12|30.28|62.66|696.24|SHIPPED|CARD|Pune|TS|India
477|10632|8|2026-07-01|2026-07-03|2|280.21|14.14|50.44|560.42|SHIPPED|CARD|Pune|TS|India
478|10796|17|2026-07-01|2026-07-03|4|324.05|41.57|58.33|1296.2|SHIPPED|CARD|Pune|TS|India
479|10040|36|2026-07-01|2026-07-03|7|182.91|24.82|32.92|1280.37|SHIPPED|CARD|Chennai|TS|India
480|10002|1|2026-07-01|2026-07-03|8|198.77|33.58|35.78|1590.16|SHIPPED|CARD|Chennai|TS|India
481|10092|50|2026-07-01|2026-07-03|8|117.12|25.59|21.08|936.96|SHIPPED|CASH|Chennai|TS|India
482|10659|15|2026-07-01|2026-07-03|2|457.15|22.84|82.29|914.3|SHIPPED|UPI|Pune|TS|India
483|10832|12|2026-07-01|2026-07-03|8|72.54|43.71|13.06|580.32|SHIPPED|UPI|Pune|TS|India
484|10118|7|2026-07-01|2026-07-03|6|241.7|42.56|43.51|1450.2|SHIPPED|CARD|Hyderabad|TS|India
485|10174|22|2026-07-01|2026-07-03|3|348.51|17.88|62.73|1045.53|SHIPPED|UPI|Chennai|TS|India
486|10095|24|2026-07-01|2026-07-03|5|445.31|40.75|80.16|2226.55|SHIPPED|CARD|Hyderabad|TS|India
487|10467|18|2026-07-01|2026-07-03|7|230.11|41.79|41.42|1610.77|SHIPPED|CASH|Pune|TS|India
488|10816|11|2026-07-01|2026-07-03|7|341.98|5.65|61.56|2393.86|SHIPPED|CASH|Chennai|TS|India
489|10864|11|2026-07-01|2026-07-03|1|491.71|5.19|88.51|491.71|SHIPPED|CASH|Pune|TS|India
490|10185|40|2026-07-01|2026-07-03|10|355.28|18.99|63.95|3552.8|SHIPPED|UPI|Chennai|TS|India
491|10901|47|2026-07-01|2026-07-03|1|438.16|48.67|78.87|438.16|SHIPPED|CARD|Pune|TS|India
492|10421|29|2026-07-01|2026-07-03|8|100.82|2.3|18.15|806.56|SHIPPED|UPI|Chennai|TS|India
493|10889|44|2026-07-01|2026-07-03|6|55.56|26.24|10.0|333.36|SHIPPED|CASH|Chennai|TS|India
494|10978|43|2026-07-01|2026-07-03|10|150.79|43.66|27.14|1507.9|SHIPPED|CASH|Chennai|TS|India
495|10677|47|2026-07-01|2026-07-03|10|92.86|12.43|16.71|928.6|SHIPPED|UPI|Chennai|TS|India
496|10846|36|2026-07-01|2026-07-03|7|116.89|44.6|21.04|818.23|SHIPPED|CASH|Hyderabad|TS|India
497|10160|33|2026-07-01|2026-07-03|1|339.53|42.44|61.12|339.53|SHIPPED|UPI|Hyderabad|TS|India
498|10328|16|2026-07-01|2026-07-03|2|388.14|16.54|69.87|776.28|SHIPPED|UPI|Hyderabad|TS|India
499|10658|25|2026-07-01|2026-07-03|9|150.22|20.16|27.04|1351.98|SHIPPED|CARD|Hyderabad|TS|India
500|10586|29|2026-07-01|2026-07-03|8|249.88|4.4|44.98|1999.04|SHIPPED|UPI|Pune|TS|India
501|10509|48|2026-07-01|2026-07-03|6|103.42|32.67|18.62|620.52|SHIPPED|CARD|Pune|TS|India
502|10562|1|2026-07-01|2026-07-03|7|66.12|41.3|11.9|462.84|SHIPPED|CASH|Chennai|TS|India
503|10575|14|2026-07-01|2026-07-03|5|450.55|32.73|81.1|2252.75|SHIPPED|UPI|Pune|TS|India
504|10836|15|2026-07-01|2026-07-03|6|421.39|42.22|75.85|2528.34|SHIPPED|UPI|Chennai|TS|India
505|10733|43|2026-07-01|2026-07-03|10|319.98|18.16|57.6|3199.8|SHIPPED|UPI|Hyderabad|TS|India
506|10227|1|2026-07-01|2026-07-03|2|391.69|17.07|70.5|783.38|SHIPPED|CASH|Pune|TS|India
507|10718|7|2026-07-01|2026-07-03|9|284.89|2.29|51.28|2564.01|SHIPPED|CARD|Pune|TS|India
508|10760|47|2026-07-01|2026-07-03|3|419.83|20.46|75.57|1259.49|SHIPPED|UPI|Chennai|TS|India
509|10952|26|2026-07-01|2026-07-03|4|134.39|10.78|24.19|537.56|SHIPPED|CARD|Chennai|TS|India
510|10424|3|2026-07-01|2026-07-03|6|98.49|46.33|17.73|590.94|SHIPPED|CASH|Chennai|TS|India
511|10461|30|2026-07-01|2026-07-03|2|397.47|32.92|71.54|794.94|SHIPPED|CASH|Hyderabad|TS|India
512|10753|4|2026-07-01|2026-07-03|8|51.95|27.66|9.35|415.6|SHIPPED|UPI|Chennai|TS|India
513|10799|12|2026-07-01|2026-07-03|8|465.97|34.59|83.87|3727.76|SHIPPED|CARD|Chennai|TS|India
514|10673|39|2026-07-01|2026-07-03|3|96.6|30.31|17.39|289.8|SHIPPED|UPI|Chennai|TS|India
515|10623|45|2026-07-01|2026-07-03|7|238.4|38.12|42.91|1668.8|SHIPPED|UPI|Pune|TS|India
516|10463|9|2026-07-01|2026-07-03|6|486.72|6.91|87.61|2920.32|SHIPPED|CASH|Chennai|TS|India
517|10718|36|2026-07-01|2026-07-03|9|184.51|43.04|33.21|1660.59|SHIPPED|CASH|Chennai|TS|India
518|10205|14|2026-07-01|2026-07-03|9|334.66|31.21|60.24|3011.94|SHIPPED|UPI|Chennai|TS|India
519|10135|46|2026-07-01|2026-07-03|6|464.54|32.5|83.62|2787.24|SHIPPED|CARD|Chennai|TS|India
520|10330|46|2026-07-01|2026-07-03|9|362.44|5.77|65.24|3261.96|SHIPPED|UPI|Chennai|TS|India
521|10965|43|2026-07-01|2026-07-03|8|312.26|35.51|56.21|2498.08|SHIPPED|CASH|Chennai|TS|India
522|10867|28|2026-07-01|2026-07-03|9|178.67|40.42|32.16|1608.03|SHIPPED|CASH|Hyderabad|TS|India
523|10054|43|2026-07-01|2026-07-03|1|221.39|2.83|39.85|221.39|SHIPPED|UPI|Hyderabad|TS|India
524|10149|4|2026-07-01|2026-07-03|5|357.53|34.53|64.36|1787.65|SHIPPED|UPI|Hyderabad|TS|India
525|10833|29|2026-07-01|2026-07-03|9|64.54|5.12|11.62|580.86|SHIPPED|CASH|Chennai|TS|India
526|10760|42|2026-07-01|2026-07-03|9|439.18|28.06|79.05|3952.62|SHIPPED|CARD|Chennai|TS|India
527|10048|25|2026-07-01|2026-07-03|5|361.82|19.38|65.13|1809.1|SHIPPED|CASH|Pune|TS|India
528|10761|17|2026-07-01|2026-07-03|9|74.21|10.15|13.36|667.89|SHIPPED|UPI|Hyderabad|TS|India
529|10559|48|2026-07-01|2026-07-03|6|389.8|30.17|70.16|2338.8|SHIPPED|CASH|Hyderabad|TS|India
530|10699|5|2026-07-01|2026-07-03|5|251.97|9.35|45.35|1259.85|SHIPPED|CARD|Chennai|TS|India
531|10041|28|2026-07-01|2026-07-03|9|103.71|13.96|18.67|933.39|SHIPPED|UPI|Hyderabad|TS|India
532|10261|1|2026-07-01|2026-07-03|3|312.79|16.53|56.3|938.37|SHIPPED|CASH|Hyderabad|TS|India
533|10330|39|2026-07-01|2026-07-03|1|119.17|2.54|21.45|119.17|SHIPPED|CASH|Chennai|TS|India
534|10586|36|2026-07-01|2026-07-03|5|270.75|17.9|48.73|1353.75|SHIPPED|CASH|Pune|TS|India
535|10188|34|2026-07-01|2026-07-03|9|148.98|3.41|26.82|1340.82|SHIPPED|CASH|Hyderabad|TS|India
536|10413|6|2026-07-01|2026-07-03|7|294.39|17.47|52.99|2060.73|SHIPPED|CARD|Chennai|TS|India
537|10300|14|2026-07-01|2026-07-03|6|198.98|47.52|35.82|1193.88|SHIPPED|CASH|Chennai|TS|India
538|10843|49|2026-07-01|2026-07-03|8|498.48|49.06|89.73|3987.84|SHIPPED|CARD|Hyderabad|TS|India
539|10926|42|2026-07-01|2026-07-03|6|250.55|30.69|45.1|1503.3|SHIPPED|CASH|Hyderabad|TS|India
540|10328|25|2026-07-01|2026-07-03|1|357.15|45.8|64.29|357.15|SHIPPED|CARD|Pune|TS|India
541|10289|2|2026-07-01|2026-07-03|5|293.11|45.57|52.76|1465.55|SHIPPED|UPI|Chennai|TS|India
542|10044|19|2026-07-01|2026-07-03|9|250.5|44.91|45.09|2254.5|SHIPPED|CARD|Pune|TS|India
543|10098|11|2026-07-01|2026-07-03|9|87.06|48.58|15.67|783.54|SHIPPED|CASH|Chennai|TS|India
544|10215|43|2026-07-01|2026-07-03|1|332.12|31.48|59.78|332.12|SHIPPED|CARD|Chennai|TS|India
545|10210|35|2026-07-01|2026-07-03|7|426.05|41.44|76.69|2982.35|SHIPPED|CASH|Pune|TS|India
546|10157|2|2026-07-01|2026-07-03|2|386.1|22.96|69.5|772.2|SHIPPED|UPI|Hyderabad|TS|India
547|10182|17|2026-07-01|2026-07-03|2|82.96|27.9|14.93|165.92|SHIPPED|CASH|Hyderabad|TS|India
548|10461|41|2026-07-01|2026-07-03|5|233.43|20.22|42.02|1167.15|SHIPPED|UPI|Hyderabad|TS|India
549|10547|1|2026-07-01|2026-07-03|7|352.98|32.07|63.54|2470.86|SHIPPED|CASH|Hyderabad|TS|India
550|10868|5|2026-07-01|2026-07-03|10|70.48|17.89|12.69|704.8|SHIPPED|CASH|Hyderabad|TS|India
551|10308|39|2026-07-01|2026-07-03|5|404.1|4.33|72.74|2020.5|SHIPPED|UPI|Pune|TS|India
552|10031|31|2026-07-01|2026-07-03|7|419.96|7.82|75.59|2939.72|SHIPPED|CARD|Hyderabad|TS|India
553|10869|35|2026-07-01|2026-07-03|7|408.55|14.75|73.54|2859.85|SHIPPED|CASH|Hyderabad|TS|India
554|10936|47|2026-07-01|2026-07-03|5|354.78|32.4|63.86|1773.9|SHIPPED|CARD|Chennai|TS|India
555|10042|1|2026-07-01|2026-07-03|9|113.62|28.64|20.45|1022.58|SHIPPED|UPI|Chennai|TS|India
556|10312|14|2026-07-01|2026-07-03|9|476.14|37.41|85.71|4285.26|SHIPPED|CASH|Pune|TS|India
557|10661|33|2026-07-01|2026-07-03|4|235.69|7.12|42.42|942.76|SHIPPED|CARD|Hyderabad|TS|India
558|10198|8|2026-07-01|2026-07-03|10|425.64|9.07|76.62|4256.4|SHIPPED|CASH|Hyderabad|TS|India
559|10562|5|2026-07-01|2026-07-03|9|257.57|14.53|46.36|2318.13|SHIPPED|CARD|Pune|TS|India
560|10594|32|2026-07-01|2026-07-03|2|138.84|47.58|24.99|277.68|SHIPPED|UPI|Hyderabad|TS|India
561|10634|5|2026-07-01|2026-07-03|4|95.02|45.01|17.1|380.08|SHIPPED|UPI|Pune|TS|India
562|10675|20|2026-07-01|2026-07-03|8|197.76|34.67|35.6|1582.08|SHIPPED|CARD|Chennai|TS|India
563|10323|28|2026-07-01|2026-07-03|10|214.02|8.43|38.52|2140.2|SHIPPED|UPI|Hyderabad|TS|India
564|10656|28|2026-07-01|2026-07-03|4|370.49|13.83|66.69|1481.96|SHIPPED|UPI|Hyderabad|TS|India
565|10473|29|2026-07-01|2026-07-03|6|445.05|17.94|80.11|2670.3|SHIPPED|UPI|Pune|TS|India
566|10661|39|2026-07-01|2026-07-03|9|98.97|4.1|17.81|890.73|SHIPPED|UPI|Hyderabad|TS|India
567|10751|41|2026-07-01|2026-07-03|9|138.39|3.82|24.91|1245.51|SHIPPED|CARD|Hyderabad|TS|India
568|10832|38|2026-07-01|2026-07-03|9|334.23|28.95|60.16|3008.07|SHIPPED|CASH|Hyderabad|TS|India
569|10556|35|2026-07-01|2026-07-03|1|298.22|23.61|53.68|298.22|SHIPPED|CARD|Pune|TS|India
570|10790|38|2026-07-01|2026-07-03|7|150.49|36.66|27.09|1053.43|SHIPPED|UPI|Hyderabad|TS|India
571|10092|26|2026-07-01|2026-07-03|8|275.51|18.19|49.59|2204.08|SHIPPED|CARD|Chennai|TS|India
572|10825|40|2026-07-01|2026-07-03|4|431.59|34.21|77.69|1726.36|SHIPPED|CASH|Hyderabad|TS|India
573|10579|37|2026-07-01|2026-07-03|8|121.65|32.97|21.9|973.2|SHIPPED|CARD|Chennai|TS|India
574|10041|15|2026-07-01|2026-07-03|8|472.63|38.07|85.07|3781.04|SHIPPED|CARD|Hyderabad|TS|India
575|10043|43|2026-07-01|2026-07-03|5|216.25|10.34|38.92|1081.25|SHIPPED|UPI|Pune|TS|India
576|10902|3|2026-07-01|2026-07-03|8|463.06|2.0|83.35|3704.48|SHIPPED|CASH|Pune|TS|India
577|10533|41|2026-07-01|2026-07-03|2|366.68|41.48|66.0|733.36|SHIPPED|CASH|Pune|TS|India
578|10178|25|2026-07-01|2026-07-03|10|294.96|32.68|53.09|2949.6|SHIPPED|UPI|Chennai|TS|India
579|10385|15|2026-07-01|2026-07-03|2|282.5|25.82|50.85|565.0|SHIPPED|UPI|Pune|TS|India
580|10908|39|2026-07-01|2026-07-03|8|406.7|0.33|73.21|3253.6|SHIPPED|CARD|Pune|TS|India
581|10526|42|2026-07-01|2026-07-03|3|153.5|14.04|27.63|460.5|SHIPPED|CARD|Hyderabad|TS|India
582|10734|8|2026-07-01|2026-07-03|3|213.0|33.06|38.34|639.0|SHIPPED|UPI|Pune|TS|India
583|10490|31|2026-07-01|2026-07-03|2|266.68|10.54|48.0|533.36|SHIPPED|CARD|Chennai|TS|India
584|10044|9|2026-07-01|2026-07-03|7|60.1|28.67|10.82|420.7|SHIPPED|CARD|Hyderabad|TS|India
585|10586|10|2026-07-01|2026-07-03|9|67.64|2.8|12.18|608.76|SHIPPED|UPI|Hyderabad|TS|India
586|10613|37|2026-07-01|2026-07-03|9|481.21|31.88|86.62|4330.89|SHIPPED|CASH|Chennai|TS|India
587|10221|29|2026-07-01|2026-07-03|5|476.26|30.33|85.73|2381.3|SHIPPED|UPI|Pune|TS|India
588|10420|39|2026-07-01|2026-07-03|3|148.71|7.14|26.77|446.13|SHIPPED|CASH|Hyderabad|TS|India
589|10270|11|2026-07-01|2026-07-03|10|346.84|36.21|62.43|3468.4|SHIPPED|UPI|Pune|TS|India
590|10235|25|2026-07-01|2026-07-03|10|315.77|19.27|56.84|3157.7|SHIPPED|CARD|Hyderabad|TS|India
591|10931|33|2026-07-01|2026-07-03|4|285.22|34.22|51.34|1140.88|SHIPPED|CARD|Chennai|TS|India
592|10923|40|2026-07-01|2026-07-03|2|129.84|29.99|23.37|259.68|SHIPPED|CASH|Chennai|TS|India
593|10675|9|2026-07-01|2026-07-03|2|91.94|45.1|16.55|183.88|SHIPPED|CASH|Hyderabad|TS|India
594|10379|3|2026-07-01|2026-07-03|7|284.92|34.88|51.29|1994.44|SHIPPED|UPI|Hyderabad|TS|India
595|10390|23|2026-07-01|2026-07-03|8|405.3|29.45|72.95|3242.4|SHIPPED|CASH|Chennai|TS|India
596|10137|17|2026-07-01|2026-07-03|10|93.97|23.86|16.91|939.7|SHIPPED|CARD|Hyderabad|TS|India
597|10556|27|2026-07-01|2026-07-03|5|319.23|12.89|57.46|1596.15|SHIPPED|CARD|Chennai|TS|India
598|10120|34|2026-07-01|2026-07-03|1|310.09|0.36|55.82|310.09|SHIPPED|CASH|Hyderabad|TS|India
599|10109|10|2026-07-01|2026-07-03|6|233.98|21.3|42.12|1403.88|SHIPPED|CASH|Pune|TS|India
600|10433|37|2026-07-01|2026-07-03|5|434.74|18.28|78.25|2173.7|SHIPPED|UPI|Chennai|TS|India
601|10423|36|2026-07-01|2026-07-03|7|389.74|39.19|70.15|2728.18|SHIPPED|UPI|Hyderabad|TS|India
602|10495|17|2026-07-01|2026-07-03|6|301.59|49.43|54.29|1809.54|SHIPPED|CASH|Pune|TS|India
603|10875|43|2026-07-01|2026-07-03|7|381.1|5.95|68.6|2667.7|SHIPPED|CARD|Pune|TS|India
604|10520|26|2026-07-01|2026-07-03|3|95.13|39.3|17.12|285.39|SHIPPED|CASH|Chennai|TS|India
605|10987|41|2026-07-01|2026-07-03|1|122.33|0.26|22.02|122.33|SHIPPED|CARD|Hyderabad|TS|India
606|10445|6|2026-07-01|2026-07-03|8|466.64|3.2|84.0|3733.12|SHIPPED|CARD|Pune|TS|India
607|10741|25|2026-07-01|2026-07-03|2|324.06|46.53|58.33|648.12|SHIPPED|UPI|Chennai|TS|India
608|10986|39|2026-07-01|2026-07-03|9|178.91|2.87|32.2|1610.19|SHIPPED|CARD|Chennai|TS|India
609|10206|43|2026-07-01|2026-07-03|8|247.54|46.54|44.56|1980.32|SHIPPED|CASH|Pune|TS|India
610|10613|33|2026-07-01|2026-07-03|4|65.12|25.79|11.72|260.48|SHIPPED|CARD|Chennai|TS|India
611|10368|16|2026-07-01|2026-07-03|3|353.31|32.75|63.6|1059.93|SHIPPED|CARD|Hyderabad|TS|India
612|10361|43|2026-07-01|2026-07-03|5|400.85|19.76|72.15|2004.25|SHIPPED|CASH|Hyderabad|TS|India
613|10720|5|2026-07-01|2026-07-03|9|56.91|45.96|10.24|512.19|SHIPPED|CASH|Pune|TS|India
614|10356|23|2026-07-01|2026-07-03|9|461.75|48.16|83.11|4155.75|SHIPPED|UPI|Hyderabad|TS|India
615|10465|26|2026-07-01|2026-07-03|10|483.38|28.75|87.01|4833.8|SHIPPED|UPI|Hyderabad|TS|India
616|10572|5|2026-07-01|2026-07-03|7|277.81|25.16|50.01|1944.67|SHIPPED|UPI|Hyderabad|TS|India
617|10897|35|2026-07-01|2026-07-03|9|480.52|40.66|86.49|4324.68|SHIPPED|CASH|Pune|TS|India
618|10576|31|2026-07-01|2026-07-03|8|484.72|38.5|87.25|3877.76|SHIPPED|UPI|Pune|TS|India
619|10882|2|2026-07-01|2026-07-03|8|453.44|24.1|81.62|3627.52|SHIPPED|UPI|Hyderabad|TS|India
620|10225|44|2026-07-01|2026-07-03|7|335.15|35.06|60.33|2346.05|SHIPPED|UPI|Pune|TS|India
621|10009|45|2026-07-01|2026-07-03|6|282.43|41.61|50.84|1694.58|SHIPPED|CARD|Pune|TS|India
622|10766|22|2026-07-01|2026-07-03|2|229.52|3.8|41.31|459.04|SHIPPED|CARD|Pune|TS|India
623|10915|37|2026-07-01|2026-07-03|6|209.09|13.45|37.64|1254.54|SHIPPED|CASH|Chennai|TS|India
624|10204|16|2026-07-01|2026-07-03|4|274.55|36.77|49.42|1098.2|SHIPPED|UPI|Hyderabad|TS|India
625|10255|40|2026-07-01|2026-07-03|4|141.24|17.8|25.42|564.96|SHIPPED|CARD|Hyderabad|TS|India
626|10679|32|2026-07-01|2026-07-03|2|354.12|30.69|63.74|708.24|SHIPPED|CASH|Hyderabad|TS|India
627|10322|32|2026-07-01|2026-07-03|8|217.04|44.91|39.07|1736.32|SHIPPED|CASH|Pune|TS|India
628|10782|33|2026-07-01|2026-07-03|8|132.29|14.01|23.81|1058.32|SHIPPED|CARD|Chennai|TS|India
629|10818|28|2026-07-01|2026-07-03|3|74.37|23.92|13.39|223.11|SHIPPED|CASH|Hyderabad|TS|India
630|10881|44|2026-07-01|2026-07-03|9|206.28|38.8|37.13|1856.52|SHIPPED|UPI|Hyderabad|TS|India
631|10705|1|2026-07-01|2026-07-03|9|257.03|0.59|46.27|2313.27|SHIPPED|CARD|Pune|TS|India
632|10370|40|2026-07-01|2026-07-03|10|95.34|43.09|17.16|953.4|SHIPPED|CARD|Chennai|TS|India
633|10482|40|2026-07-01|2026-07-03|5|156.71|17.15|28.21|783.55|SHIPPED|CARD|Pune|TS|India
634|10717|49|2026-07-01|2026-07-03|7|144.74|18.62|26.05|1013.18|SHIPPED|UPI|Pune|TS|India
635|10134|37|2026-07-01|2026-07-03|8|130.95|34.3|23.57|1047.6|SHIPPED|CARD|Chennai|TS|India
636|10568|28|2026-07-01|2026-07-03|5|411.84|42.82|74.13|2059.2|SHIPPED|CARD|Hyderabad|TS|India
637|10009|12|2026-07-01|2026-07-03|3|262.84|21.08|47.31|788.52|SHIPPED|CARD|Chennai|TS|India
638|10323|32|2026-07-01|2026-07-03|9|290.29|15.0|52.25|2612.61|SHIPPED|CASH|Chennai|TS|India
639|10707|11|2026-07-01|2026-07-03|1|229.28|3.0|41.27|229.28|SHIPPED|UPI|Pune|TS|India
640|10342|17|2026-07-01|2026-07-03|2|252.43|18.05|45.44|504.86|SHIPPED|CASH|Chennai|TS|India
641|10421|8|2026-07-01|2026-07-03|5|204.86|17.55|36.87|1024.3|SHIPPED|CASH|Chennai|TS|India
642|10665|42|2026-07-01|2026-07-03|4|309.58|26.92|55.72|1238.32|SHIPPED|UPI|Pune|TS|India
643|10499|50|2026-07-01|2026-07-03|6|352.94|36.83|63.53|2117.64|SHIPPED|CARD|Pune|TS|India
644|10646|10|2026-07-01|2026-07-03|10|178.94|43.41|32.21|1789.4|SHIPPED|CASH|Pune|TS|India
645|10585|26|2026-07-01|2026-07-03|7|334.07|42.45|60.13|2338.49|SHIPPED|CARD|Hyderabad|TS|India
646|10321|21|2026-07-01|2026-07-03|3|204.63|32.65|36.83|613.89|SHIPPED|CASH|Pune|TS|India
647|10277|29|2026-07-01|2026-07-03|10|340.09|39.05|61.22|3400.9|SHIPPED|UPI|Chennai|TS|India
648|10461|27|2026-07-01|2026-07-03|10|284.42|8.37|51.2|2844.2|SHIPPED|CARD|Hyderabad|TS|India
649|10963|48|2026-07-01|2026-07-03|4|347.91|35.03|62.62|1391.64|SHIPPED|CARD|Hyderabad|TS|India
650|10097|5|2026-07-01|2026-07-03|3|228.67|46.84|41.16|686.01|SHIPPED|UPI|Chennai|TS|India
651|10406|34|2026-07-01|2026-07-03|1|61.86|38.25|11.13|61.86|SHIPPED|CARD|Hyderabad|TS|India
652|10086|42|2026-07-01|2026-07-03|5|328.15|46.58|59.07|1640.75|SHIPPED|UPI|Pune|TS|India
653|10290|29|2026-07-01|2026-07-03|4|161.33|31.32|29.04|645.32|SHIPPED|CARD|Chennai|TS|India
654|10679|23|2026-07-01|2026-07-03|3|62.86|43.02|11.31|188.58|SHIPPED|UPI|Pune|TS|India
655|10553|18|2026-07-01|2026-07-03|8|488.74|27.43|87.97|3909.92|SHIPPED|CARD|Chennai|TS|India
656|10611|30|2026-07-01|2026-07-03|9|129.67|31.55|23.34|1167.03|SHIPPED|CASH|Chennai|TS|India
657|10654|35|2026-07-01|2026-07-03|7|285.56|15.48|51.4|1998.92|SHIPPED|UPI|Pune|TS|India
658|10091|29|2026-07-01|2026-07-03|9|152.21|15.39|27.4|1369.89|SHIPPED|UPI|Pune|TS|India
659|10000|34|2026-07-01|2026-07-03|3|186.61|40.77|33.59|559.83|SHIPPED|CARD|Pune|TS|India
660|10008|45|2026-07-01|2026-07-03|5|261.14|46.1|47.01|1305.7|SHIPPED|UPI|Pune|TS|India
661|10817|19|2026-07-01|2026-07-03|1|394.64|29.85|71.04|394.64|SHIPPED|CARD|Chennai|TS|India
662|10903|36|2026-07-01|2026-07-03|6|134.86|21.86|24.27|809.16|SHIPPED|CARD|Hyderabad|TS|India
663|10225|17|2026-07-01|2026-07-03|7|422.79|3.96|76.1|2959.53|SHIPPED|CASH|Hyderabad|TS|India
664|10931|40|2026-07-01|2026-07-03|9|394.04|40.38|70.93|3546.36|SHIPPED|CASH|Pune|TS|India
665|10544|18|2026-07-01|2026-07-03|5|341.81|20.65|61.53|1709.05|SHIPPED|CARD|Hyderabad|TS|India
666|10652|30|2026-07-01|2026-07-03|3|180.32|30.89|32.46|540.96|SHIPPED|UPI|Chennai|TS|India
667|10328|2|2026-07-01|2026-07-03|10|271.4|7.61|48.85|2714.0|SHIPPED|CASH|Hyderabad|TS|India
668|10288|18|2026-07-01|2026-07-03|3|487.55|6.25|87.76|1462.65|SHIPPED|UPI|Chennai|TS|India
669|10154|1|2026-07-01|2026-07-03|1|154.76|24.68|27.86|154.76|SHIPPED|UPI|Pune|TS|India
670|10510|24|2026-07-01|2026-07-03|5|403.58|23.18|72.64|2017.9|SHIPPED|CARD|Pune|TS|India
671|10974|10|2026-07-01|2026-07-03|2|429.6|2.8|77.33|859.2|SHIPPED|UPI|Hyderabad|TS|India
672|10196|17|2026-07-01|2026-07-03|9|261.57|40.86|47.08|2354.13|SHIPPED|CARD|Hyderabad|TS|India
673|10998|29|2026-07-01|2026-07-03|4|223.16|12.36|40.17|892.64|SHIPPED|CARD|Hyderabad|TS|India
674|10096|34|2026-07-01|2026-07-03|8|380.9|33.3|68.56|3047.2|SHIPPED|CARD|Pune|TS|India
675|10319|21|2026-07-01|2026-07-03|7|356.65|7.93|64.2|2496.55|SHIPPED|CASH|Hyderabad|TS|India
676|10259|31|2026-07-01|2026-07-03|9|284.42|31.93|51.2|2559.78|SHIPPED|CARD|Pune|TS|India
677|10223|8|2026-07-01|2026-07-03|1|438.65|11.8|78.96|438.65|SHIPPED|UPI|Pune|TS|India
678|10282|38|2026-07-01|2026-07-03|1|125.31|5.98|22.56|125.31|SHIPPED|CARD|Hyderabad|TS|India
679|10707|31|2026-07-01|2026-07-03|1|311.48|34.42|56.07|311.48|SHIPPED|CARD|Pune|TS|India
680|10511|6|2026-07-01|2026-07-03|2|161.93|34.3|29.15|323.86|SHIPPED|UPI|Chennai|TS|India
681|10660|10|2026-07-01|2026-07-03|1|76.9|35.07|13.84|76.9|SHIPPED|CARD|Hyderabad|TS|India
682|10571|42|2026-07-01|2026-07-03|8|154.7|37.83|27.85|1237.6|SHIPPED|UPI|Chennai|TS|India
683|10386|23|2026-07-01|2026-07-03|4|59.61|36.22|10.73|238.44|SHIPPED|UPI|Hyderabad|TS|India
684|10572|19|2026-07-01|2026-07-03|8|367.98|27.14|66.24|2943.84|SHIPPED|UPI|Hyderabad|TS|India
685|10356|21|2026-07-01|2026-07-03|10|133.98|36.62|24.12|1339.8|SHIPPED|UPI|Chennai|TS|India
686|10543|10|2026-07-01|2026-07-03|9|122.15|22.47|21.99|1099.35|SHIPPED|UPI|Chennai|TS|India
687|10794|41|2026-07-01|2026-07-03|6|254.34|25.3|45.78|1526.04|SHIPPED|CASH|Hyderabad|TS|India
688|10372|50|2026-07-01|2026-07-03|1|328.88|31.01|59.2|328.88|SHIPPED|UPI|Chennai|TS|India
689|10551|25|2026-07-01|2026-07-03|2|346.23|9.49|62.32|692.46|SHIPPED|CASH|Pune|TS|India
690|10289|21|2026-07-01|2026-07-03|9|119.36|20.49|21.48|1074.24|SHIPPED|UPI|Hyderabad|TS|India
691|10068|3|2026-07-01|2026-07-03|2|285.44|41.76|51.38|570.88|SHIPPED|CARD|Hyderabad|TS|India
692|10497|13|2026-07-01|2026-07-03|1|140.94|4.94|25.37|140.94|SHIPPED|CASH|Chennai|TS|India
693|10538|40|2026-07-01|2026-07-03|7|346.06|35.07|62.29|2422.42|SHIPPED|UPI|Hyderabad|TS|India
694|10735|5|2026-07-01|2026-07-03|6|149.33|0.65|26.88|895.98|SHIPPED|CARD|Chennai|TS|India
695|10852|6|2026-07-01|2026-07-03|8|467.78|23.4|84.2|3742.24|SHIPPED|CASH|Hyderabad|TS|India
696|10960|27|2026-07-01|2026-07-03|6|301.11|41.1|54.2|1806.66|SHIPPED|CASH|Hyderabad|TS|India
697|10041|47|2026-07-01|2026-07-03|10|169.62|3.52|30.53|1696.2|SHIPPED|UPI|Hyderabad|TS|India
698|10099|7|2026-07-01|2026-07-03|4|482.26|36.26|86.81|1929.04|SHIPPED|CASH|Pune|TS|India
699|10672|16|2026-07-01|2026-07-03|4|136.9|28.5|24.64|547.6|SHIPPED|CARD|Chennai|TS|India
700|10108|50|2026-07-01|2026-07-03|9|236.83|31.93|42.63|2131.47|SHIPPED|UPI|Chennai|TS|India
701|10437|7|2026-07-01|2026-07-03|8|366.15|8.34|65.91|2929.2|SHIPPED|CARD|Chennai|TS|India
702|10673|11|2026-07-01|2026-07-03|7|277.11|26.7|49.88|1939.77|SHIPPED|CASH|Pune|TS|India
703|10563|21|2026-07-01|2026-07-03|6|456.12|42.24|82.1|2736.72|SHIPPED|UPI|Chennai|TS|India
704|10331|39|2026-07-01|2026-07-03|7|421.77|12.04|75.92|2952.39|SHIPPED|CASH|Hyderabad|TS|India
705|10948|48|2026-07-01|2026-07-03|7|394.57|12.7|71.02|2761.99|SHIPPED|UPI|Pune|TS|India
706|10035|19|2026-07-01|2026-07-03|7|50.09|29.79|9.02|350.63|SHIPPED|CASH|Hyderabad|TS|India
707|10227|14|2026-07-01|2026-07-03|5|52.96|42.79|9.53|264.8|SHIPPED|CARD|Chennai|TS|India
708|10523|36|2026-07-01|2026-07-03|5|463.6|28.53|83.45|2318.0|SHIPPED|CASH|Hyderabad|TS|India
709|10364|10|2026-07-01|2026-07-03|2|66.98|6.92|12.06|133.96|SHIPPED|UPI|Chennai|TS|India
710|10830|20|2026-07-01|2026-07-03|4|154.85|4.6|27.87|619.4|SHIPPED|UPI|Chennai|TS|India
711|10740|21|2026-07-01|2026-07-03|4|380.42|39.65|68.48|1521.68|SHIPPED|CARD|Pune|TS|India
712|10097|39|2026-07-01|2026-07-03|10|418.78|32.11|75.38|4187.8|SHIPPED|CARD|Chennai|TS|India
713|10798|4|2026-07-01|2026-07-03|10|221.7|46.09|39.91|2217.0|SHIPPED|UPI|Pune|TS|India
714|10888|8|2026-07-01|2026-07-03|7|237.43|43.49|42.74|1662.01|SHIPPED|CARD|Chennai|TS|India
715|10649|50|2026-07-01|2026-07-03|10|467.89|31.61|84.22|4678.9|SHIPPED|CARD|Pune|TS|India
716|10552|37|2026-07-01|2026-07-03|9|68.53|7.48|12.34|616.77|SHIPPED|CASH|Chennai|TS|India
717|10689|47|2026-07-01|2026-07-03|4|118.94|49.87|21.41|475.76|SHIPPED|UPI|Chennai|TS|India
718|10227|28|2026-07-01|2026-07-03|10|277.13|14.49|49.88|2771.3|SHIPPED|UPI|Hyderabad|TS|India
719|10487|37|2026-07-01|2026-07-03|3|201.28|37.27|36.23|603.84|SHIPPED|CASH|Pune|TS|India
720|10513|28|2026-07-01|2026-07-03|5|88.29|38.69|15.89|441.45|SHIPPED|CARD|Hyderabad|TS|India
721|10499|26|2026-07-01|2026-07-03|8|301.68|32.61|54.3|2413.44|SHIPPED|CARD|Chennai|TS|India
722|10536|16|2026-07-01|2026-07-03|10|498.69|12.12|89.76|4986.9|SHIPPED|UPI|Pune|TS|India
723|10589|6|2026-07-01|2026-07-03|6|358.13|5.63|64.46|2148.78|SHIPPED|UPI|Pune|TS|India
724|10328|23|2026-07-01|2026-07-03|6|206.74|29.69|37.21|1240.44|SHIPPED|CARD|Pune|TS|India
725|10631|29|2026-07-01|2026-07-03|3|494.44|31.16|89.0|1483.32|SHIPPED|UPI|Hyderabad|TS|India
726|10382|10|2026-07-01|2026-07-03|4|139.86|37.89|25.17|559.44|SHIPPED|CARD|Hyderabad|TS|India
727|10635|10|2026-07-01|2026-07-03|1|159.37|43.44|28.69|159.37|SHIPPED|UPI|Hyderabad|TS|India
728|10113|20|2026-07-01|2026-07-03|6|362.21|22.5|65.2|2173.26|SHIPPED|CARD|Pune|TS|India
729|10216|14|2026-07-01|2026-07-03|4|383.01|27.32|68.94|1532.04|SHIPPED|UPI|Chennai|TS|India
730|10144|45|2026-07-01|2026-07-03|8|330.37|34.94|59.47|2642.96|SHIPPED|CARD|Pune|TS|India
731|10539|3|2026-07-01|2026-07-03|10|457.72|12.77|82.39|4577.2|SHIPPED|CARD|Pune|TS|India
732|10632|18|2026-07-01|2026-07-03|4|405.13|2.65|72.92|1620.52|SHIPPED|CASH|Hyderabad|TS|India
733|10277|43|2026-07-01|2026-07-03|2|224.89|42.6|40.48|449.78|SHIPPED|CASH|Pune|TS|India
734|10888|42|2026-07-01|2026-07-03|2|58.59|19.33|10.55|117.18|SHIPPED|UPI|Chennai|TS|India
735|10496|39|2026-07-01|2026-07-03|2|456.74|26.58|82.21|913.48|SHIPPED|CARD|Hyderabad|TS|India
736|10574|46|2026-07-01|2026-07-03|9|485.06|1.07|87.31|4365.54|SHIPPED|CARD|Chennai|TS|India
737|10402|48|2026-07-01|2026-07-03|5|200.11|7.85|36.02|1000.55|SHIPPED|UPI|Chennai|TS|India
738|10309|16|2026-07-01|2026-07-03|6|209.92|49.8|37.79|1259.52|SHIPPED|CASH|Pune|TS|India
739|10899|25|2026-07-01|2026-07-03|1|331.61|44.52|59.69|331.61|SHIPPED|CARD|Chennai|TS|India
740|10349|26|2026-07-01|2026-07-03|5|151.51|32.85|27.27|757.55|SHIPPED|CARD|Chennai|TS|India
741|10694|40|2026-07-01|2026-07-03|7|284.32|43.64|51.18|1990.24|SHIPPED|CASH|Hyderabad|TS|India
742|10156|28|2026-07-01|2026-07-03|7|158.16|48.53|28.47|1107.12|SHIPPED|CASH|Pune|TS|India
743|10211|42|2026-07-01|2026-07-03|8|294.01|6.93|52.92|2352.08|SHIPPED|CASH|Chennai|TS|India
744|10316|45|2026-07-01|2026-07-03|4|438.16|35.26|78.87|1752.64|SHIPPED|CASH|Hyderabad|TS|India
745|10999|50|2026-07-01|2026-07-03|7|498.06|7.26|89.65|3486.42|SHIPPED|CASH|Hyderabad|TS|India
746|10545|47|2026-07-01|2026-07-03|6|80.52|5.92|14.49|483.12|SHIPPED|UPI|Hyderabad|TS|India
747|10901|27|2026-07-01|2026-07-03|1|394.45|48.06|71.0|394.45|SHIPPED|UPI|Pune|TS|India
748|10192|7|2026-07-01|2026-07-03|5|118.38|6.58|21.31|591.9|SHIPPED|CARD|Chennai|TS|India
749|10580|40|2026-07-01|2026-07-03|10|170.09|11.55|30.62|1700.9|SHIPPED|CARD|Hyderabad|TS|India
750|10704|50|2026-07-01|2026-07-03|1|211.67|23.83|38.1|211.67|SHIPPED|CASH|Chennai|TS|India
751|10382|12|2026-07-01|2026-07-03|8|370.41|42.61|66.67|2963.28|SHIPPED|UPI|Pune|TS|India
752|10231|3|2026-07-01|2026-07-03|3|123.7|20.43|22.27|371.1|SHIPPED|CARD|Pune|TS|India
753|10687|13|2026-07-01|2026-07-03|7|150.15|37.89|27.03|1051.05|SHIPPED|CARD|Hyderabad|TS|India
754|10501|45|2026-07-01|2026-07-03|8|440.21|16.24|79.24|3521.68|SHIPPED|UPI|Hyderabad|TS|India
755|10042|39|2026-07-01|2026-07-03|7|232.19|36.77|41.79|1625.33|SHIPPED|UPI|Chennai|TS|India
756|10961|48|2026-07-01|2026-07-03|6|227.37|28.6|40.93|1364.22|SHIPPED|CASH|Chennai|TS|India
757|10462|30|2026-07-01|2026-07-03|1|284.29|41.35|51.17|284.29|SHIPPED|CARD|Hyderabad|TS|India
758|10752|3|2026-07-01|2026-07-03|9|292.04|27.89|52.57|2628.36|SHIPPED|CASH|Chennai|TS|India
759|10450|26|2026-07-01|2026-07-03|1|135.43|44.22|24.38|135.43|SHIPPED|UPI|Pune|TS|India
760|10627|4|2026-07-01|2026-07-03|3|240.11|34.5|43.22|720.33|SHIPPED|CARD|Pune|TS|India
761|10512|8|2026-07-01|2026-07-03|8|90.7|8.99|16.33|725.6|SHIPPED|CASH|Chennai|TS|India
762|10423|21|2026-07-01|2026-07-03|9|110.89|22.54|19.96|998.01|SHIPPED|CARD|Pune|TS|India
763|10917|13|2026-07-01|2026-07-03|10|453.48|44.13|81.63|4534.8|SHIPPED|CARD|Pune|TS|India
764|10928|46|2026-07-01|2026-07-03|6|361.27|39.82|65.03|2167.62|SHIPPED|CASH|Chennai|TS|India
765|10723|29|2026-07-01|2026-07-03|2|91.04|31.7|16.39|182.08|SHIPPED|CARD|Chennai|TS|India
766|10998|33|2026-07-01|2026-07-03|7|377.09|30.6|67.88|2639.63|SHIPPED|CARD|Pune|TS|India
767|10786|11|2026-07-01|2026-07-03|9|221.27|45.61|39.83|1991.43|SHIPPED|CASH|Chennai|TS|India
768|10148|12|2026-07-01|2026-07-03|3|122.96|38.46|22.13|368.88|SHIPPED|CARD|Pune|TS|India
769|10787|29|2026-07-01|2026-07-03|5|189.28|14.44|34.07|946.4|SHIPPED|CARD|Hyderabad|TS|India
770|10003|40|2026-07-01|2026-07-03|3|482.2|38.27|86.8|1446.6|SHIPPED|CARD|Pune|TS|India
771|10556|1|2026-07-01|2026-07-03|8|434.93|30.4|78.29|3479.44|SHIPPED|UPI|Hyderabad|TS|India
772|10487|30|2026-07-01|2026-07-03|4|314.99|20.51|56.7|1259.96|SHIPPED|CARD|Chennai|TS|India
773|10903|36|2026-07-01|2026-07-03|10|52.96|13.91|9.53|529.6|SHIPPED|CASH|Chennai|TS|India
774|10151|4|2026-07-01|2026-07-03|4|72.01|32.66|12.96|288.04|SHIPPED|CARD|Hyderabad|TS|India
775|10858|39|2026-07-01|2026-07-03|1|350.15|14.92|63.03|350.15|SHIPPED|CARD|Hyderabad|TS|India
776|10182|11|2026-07-01|2026-07-03|2|237.63|33.6|42.77|475.26|SHIPPED|CASH|Chennai|TS|India
777|10575|12|2026-07-01|2026-07-03|10|307.53|48.31|55.36|3075.3|SHIPPED|CASH|Chennai|TS|India
778|10095|50|2026-07-01|2026-07-03|6|469.17|14.96|84.45|2815.02|SHIPPED|UPI|Pune|TS|India
779|10863|36|2026-07-01|2026-07-03|2|391.3|3.25|70.43|782.6|SHIPPED|UPI|Hyderabad|TS|India
780|10281|22|2026-07-01|2026-07-03|2|362.58|26.35|65.26|725.16|SHIPPED|CASH|Hyderabad|TS|India
781|10111|37|2026-07-01|2026-07-03|4|325.42|36.49|58.58|1301.68|SHIPPED|CASH|Chennai|TS|India
782|10705|39|2026-07-01|2026-07-03|2|267.65|46.69|48.18|535.3|SHIPPED|CASH|Pune|TS|India
783|10324|17|2026-07-01|2026-07-03|7|323.98|26.27|58.32|2267.86|SHIPPED|CASH|Pune|TS|India
784|10508|34|2026-07-01|2026-07-03|3|326.43|36.46|58.76|979.29|SHIPPED|UPI|Pune|TS|India
785|10238|46|2026-07-01|2026-07-03|3|447.65|14.52|80.58|1342.95|SHIPPED|CARD|Hyderabad|TS|India
786|10640|8|2026-07-01|2026-07-03|2|60.79|36.87|10.94|121.58|SHIPPED|CARD|Chennai|TS|India
787|10341|23|2026-07-01|2026-07-03|7|236.32|28.02|42.54|1654.24|SHIPPED|CASH|Hyderabad|TS|India
788|10706|19|2026-07-01|2026-07-03|1|338.28|12.72|60.89|338.28|SHIPPED|CARD|Pune|TS|India
789|10331|50|2026-07-01|2026-07-03|5|278.01|0.31|50.04|1390.05|SHIPPED|CASH|Pune|TS|India
790|10582|40|2026-07-01|2026-07-03|6|228.22|48.01|41.08|1369.32|SHIPPED|CARD|Hyderabad|TS|India
791|10944|44|2026-07-01|2026-07-03|6|425.22|23.96|76.54|2551.32|SHIPPED|UPI|Hyderabad|TS|India
792|10642|30|2026-07-01|2026-07-03|3|266.67|44.6|48.0|800.01|SHIPPED|CASH|Pune|TS|India
793|10423|48|2026-07-01|2026-07-03|8|402.8|2.8|72.5|3222.4|SHIPPED|CASH|Pune|TS|India
794|10323|36|2026-07-01|2026-07-03|10|376.23|26.79|67.72|3762.3|SHIPPED|CARD|Chennai|TS|India
795|10909|23|2026-07-01|2026-07-03|6|409.79|3.31|73.76|2458.74|SHIPPED|CARD|Pune|TS|India
796|10384|41|2026-07-01|2026-07-03|1|202.62|26.71|36.47|202.62|SHIPPED|CARD|Chennai|TS|India
797|10609|8|2026-07-01|2026-07-03|10|225.3|43.23|40.55|2253.0|SHIPPED|UPI|Chennai|TS|India
798|10278|27|2026-07-01|2026-07-03|6|369.43|4.34|66.5|2216.58|SHIPPED|CARD|Pune|TS|India
799|10309|14|2026-07-01|2026-07-03|8|423.26|26.26|76.19|3386.08|SHIPPED|CARD|Hyderabad|TS|India
800|10796|13|2026-07-01|2026-07-03|6|403.22|45.67|72.58|2419.32|SHIPPED|UPI|Chennai|TS|India
801|10926|33|2026-07-01|2026-07-03|1|409.56|7.7|73.72|409.56|SHIPPED|UPI|Pune|TS|India
802|10335|10|2026-07-01|2026-07-03|9|189.66|38.47|34.14|1706.94|SHIPPED|CARD|Chennai|TS|India
803|10037|30|2026-07-01|2026-07-03|3|142.33|19.38|25.62|426.99|SHIPPED|CASH|Hyderabad|TS|India
804|10045|44|2026-07-01|2026-07-03|1|189.94|42.41|34.19|189.94|SHIPPED|CARD|Pune|TS|India
805|10105|34|2026-07-01|2026-07-03|8|450.13|38.31|81.02|3601.04|SHIPPED|CASH|Pune|TS|India
806|10319|41|2026-07-01|2026-07-03|1|309.9|44.61|55.78|309.9|SHIPPED|UPI|Hyderabad|TS|India
807|10545|21|2026-07-01|2026-07-03|4|178.96|38.64|32.21|715.84|SHIPPED|CASH|Hyderabad|TS|India
808|10280|8|2026-07-01|2026-07-03|5|117.19|0.76|21.09|585.95|SHIPPED|CASH|Chennai|TS|India
809|10555|23|2026-07-01|2026-07-03|9|96.07|27.47|17.29|864.63|SHIPPED|UPI|Hyderabad|TS|India
810|10175|5|2026-07-01|2026-07-03|5|308.34|15.57|55.5|1541.7|SHIPPED|UPI|Chennai|TS|India
811|10029|31|2026-07-01|2026-07-03|8|72.83|45.16|13.11|582.64|SHIPPED|CARD|Hyderabad|TS|India
812|10436|26|2026-07-01|2026-07-03|7|74.21|8.95|13.36|519.47|SHIPPED|CASH|Chennai|TS|India
813|10319|22|2026-07-01|2026-07-03|8|327.34|40.87|58.92|2618.72|SHIPPED|CASH|Chennai|TS|India
814|10944|49|2026-07-01|2026-07-03|9|85.35|38.22|15.36|768.15|SHIPPED|CASH|Hyderabad|TS|India
815|10941|45|2026-07-01|2026-07-03|2|415.78|23.41|74.84|831.56|SHIPPED|UPI|Pune|TS|India
816|10970|15|2026-07-01|2026-07-03|8|261.75|7.19|47.11|2094.0|SHIPPED|CASH|Pune|TS|India
817|10716|43|2026-07-01|2026-07-03|6|226.43|16.52|40.76|1358.58|SHIPPED|UPI|Pune|TS|India
818|10486|8|2026-07-01|2026-07-03|8|63.62|17.57|11.45|508.96|SHIPPED|UPI|Hyderabad|TS|India
819|10618|37|2026-07-01|2026-07-03|5|395.57|6.37|71.2|1977.85|SHIPPED|CARD|Pune|TS|India
820|10665|5|2026-07-01|2026-07-03|2|196.64|39.62|35.4|393.28|SHIPPED|CASH|Pune|TS|India
821|10244|40|2026-07-01|2026-07-03|7|315.74|12.18|56.83|2210.18|SHIPPED|CARD|Pune|TS|India
822|10213|45|2026-07-01|2026-07-03|7|79.73|29.55|14.35|558.11|SHIPPED|UPI|Chennai|TS|India
823|10241|12|2026-07-01|2026-07-03|6|295.04|33.13|53.11|1770.24|SHIPPED|CARD|Chennai|TS|India
824|10117|38|2026-07-01|2026-07-03|10|426.54|29.8|76.78|4265.4|SHIPPED|UPI|Chennai|TS|India
825|10180|20|2026-07-01|2026-07-03|2|419.91|47.79|75.58|839.82|SHIPPED|CARD|Chennai|TS|India
826|10610|50|2026-07-01|2026-07-03|2|358.48|40.99|64.53|716.96|SHIPPED|UPI|Pune|TS|India
827|10836|9|2026-07-01|2026-07-03|1|90.74|44.36|16.33|90.74|SHIPPED|CASH|Hyderabad|TS|India
828|10463|35|2026-07-01|2026-07-03|3|347.4|14.58|62.53|1042.2|SHIPPED|CASH|Chennai|TS|India
829|10697|21|2026-07-01|2026-07-03|8|138.05|14.99|24.85|1104.4|SHIPPED|CASH|Pune|TS|India
830|10937|23|2026-07-01|2026-07-03|7|373.01|49.51|67.14|2611.07|SHIPPED|CASH|Hyderabad|TS|India
831|10413|9|2026-07-01|2026-07-03|10|493.89|42.63|88.9|4938.9|SHIPPED|CARD|Pune|TS|India
832|10000|46|2026-07-01|2026-07-03|9|485.55|28.0|87.4|4369.95|SHIPPED|UPI|Hyderabad|TS|India
833|10240|28|2026-07-01|2026-07-03|5|439.56|35.11|79.12|2197.8|SHIPPED|UPI|Chennai|TS|India
834|10415|25|2026-07-01|2026-07-03|6|370.3|21.76|66.65|2221.8|SHIPPED|CARD|Chennai|TS|India
835|10192|36|2026-07-01|2026-07-03|3|263.69|19.23|47.46|791.07|SHIPPED|UPI|Pune|TS|India
836|10893|43|2026-07-01|2026-07-03|3|179.81|6.28|32.37|539.43|SHIPPED|CARD|Hyderabad|TS|India
837|10906|32|2026-07-01|2026-07-03|1|114.8|32.9|20.66|114.8|SHIPPED|CARD|Hyderabad|TS|India
838|10425|30|2026-07-01|2026-07-03|3|339.01|44.68|61.02|1017.03|SHIPPED|CASH|Chennai|TS|India
839|10465|33|2026-07-01|2026-07-03|7|330.46|21.21|59.48|2313.22|SHIPPED|UPI|Pune|TS|India
840|10434|39|2026-07-01|2026-07-03|6|151.58|0.37|27.28|909.48|SHIPPED|UPI|Chennai|TS|India
841|10275|27|2026-07-01|2026-07-03|4|370.46|46.33|66.68|1481.84|SHIPPED|CASH|Pune|TS|India
842|10581|31|2026-07-01|2026-07-03|1|490.21|35.24|88.24|490.21|SHIPPED|CARD|Chennai|TS|India
843|10081|10|2026-07-01|2026-07-03|8|482.78|36.51|86.9|3862.24|SHIPPED|CASH|Pune|TS|India
844|10535|40|2026-07-01|2026-07-03|8|282.63|4.42|50.87|2261.04|SHIPPED|UPI|Chennai|TS|India
845|10552|38|2026-07-01|2026-07-03|2|357.83|15.62|64.41|715.66|SHIPPED|CARD|Pune|TS|India
846|10480|30|2026-07-01|2026-07-03|9|400.34|25.63|72.06|3603.06|SHIPPED|UPI|Chennai|TS|India
847|10983|19|2026-07-01|2026-07-03|6|239.46|14.46|43.1|1436.76|SHIPPED|CARD|Chennai|TS|India
848|10744|37|2026-07-01|2026-07-03|10|387.24|13.02|69.7|3872.4|SHIPPED|CASH|Pune|TS|India
849|10052|43|2026-07-01|2026-07-03|10|126.09|49.52|22.7|1260.9|SHIPPED|CASH|Chennai|TS|India
850|10084|9|2026-07-01|2026-07-03|1|179.07|25.28|32.23|179.07|SHIPPED|UPI|Pune|TS|India
851|10281|17|2026-07-01|2026-07-03|3|327.11|0.71|58.88|981.33|SHIPPED|CARD|Chennai|TS|India
852|10756|10|2026-07-01|2026-07-03|3|459.56|32.96|82.72|1378.68|SHIPPED|UPI|Hyderabad|TS|India
853|10241|32|2026-07-01|2026-07-03|5|402.14|9.04|72.39|2010.7|SHIPPED|CASH|Hyderabad|TS|India
854|10990|10|2026-07-01|2026-07-03|6|492.83|29.78|88.71|2956.98|SHIPPED|CARD|Pune|TS|India
855|10243|43|2026-07-01|2026-07-03|7|396.67|22.01|71.4|2776.69|SHIPPED|CASH|Hyderabad|TS|India
856|10862|23|2026-07-01|2026-07-03|4|309.99|2.72|55.8|1239.96|SHIPPED|UPI|Hyderabad|TS|India
857|10408|31|2026-07-01|2026-07-03|1|125.42|15.07|22.58|125.42|SHIPPED|CASH|Chennai|TS|India
858|10722|25|2026-07-01|2026-07-03|4|220.91|23.73|39.76|883.64|SHIPPED|CARD|Chennai|TS|India
859|10949|29|2026-07-01|2026-07-03|7|55.34|19.1|9.96|387.38|SHIPPED|UPI|Chennai|TS|India
860|10544|41|2026-07-01|2026-07-03|1|93.81|17.69|16.89|93.81|SHIPPED|UPI|Chennai|TS|India
861|10273|7|2026-07-01|2026-07-03|5|200.74|12.77|36.13|1003.7|SHIPPED|CASH|Pune|TS|India
862|10767|16|2026-07-01|2026-07-03|8|397.92|36.72|71.63|3183.36|SHIPPED|CASH|Hyderabad|TS|India
863|10706|12|2026-07-01|2026-07-03|9|201.83|15.66|36.33|1816.47|SHIPPED|CARD|Chennai|TS|India
864|10012|27|2026-07-01|2026-07-03|1|424.26|4.88|76.37|424.26|SHIPPED|CARD|Chennai|TS|India
865|10742|19|2026-07-01|2026-07-03|8|208.18|12.59|37.47|1665.44|SHIPPED|CARD|Hyderabad|TS|India
866|10961|39|2026-07-01|2026-07-03|10|91.37|32.83|16.45|913.7|SHIPPED|CARD|Chennai|TS|India
867|10122|6|2026-07-01|2026-07-03|2|368.63|42.82|66.35|737.26|SHIPPED|CARD|Pune|TS|India
868|10189|8|2026-07-01|2026-07-03|10|411.44|34.78|74.06|4114.4|SHIPPED|UPI|Pune|TS|India
869|10077|41|2026-07-01|2026-07-03|8|347.22|22.67|62.5|2777.76|SHIPPED|UPI|Pune|TS|India
870|10799|5|2026-07-01|2026-07-03|6|165.8|13.86|29.84|994.8|SHIPPED|CARD|Pune|TS|India
871|10061|17|2026-07-01|2026-07-03|7|199.69|47.78|35.94|1397.83|SHIPPED|UPI|Hyderabad|TS|India
872|10950|13|2026-07-01|2026-07-03|8|81.23|30.52|14.62|649.84|SHIPPED|CARD|Chennai|TS|India
873|10553|50|2026-07-01|2026-07-03|8|98.79|21.56|17.78|790.32|SHIPPED|CASH|Chennai|TS|India
874|10732|17|2026-07-01|2026-07-03|2|460.67|5.16|82.92|921.34|SHIPPED|CARD|Hyderabad|TS|India
875|10795|29|2026-07-01|2026-07-03|10|377.4|0.94|67.93|3774.0|SHIPPED|UPI|Hyderabad|TS|India
876|10680|25|2026-07-01|2026-07-03|1|469.8|13.32|84.56|469.8|SHIPPED|CASH|Pune|TS|India
877|10527|46|2026-07-01|2026-07-03|7|308.59|47.0|55.55|2160.13|SHIPPED|UPI|Pune|TS|India
878|10745|50|2026-07-01|2026-07-03|7|231.76|40.61|41.72|1622.32|SHIPPED|CARD|Chennai|TS|India
879|10977|45|2026-07-01|2026-07-03|4|51.49|40.9|9.27|205.96|SHIPPED|UPI|Hyderabad|TS|India
880|10367|22|2026-07-01|2026-07-03|10|290.89|34.09|52.36|2908.9|SHIPPED|UPI|Hyderabad|TS|India
881|10873|22|2026-07-01|2026-07-03|2|214.41|4.02|38.59|428.82|SHIPPED|UPI|Pune|TS|India
882|10040|25|2026-07-01|2026-07-03|4|129.48|33.04|23.31|517.92|SHIPPED|UPI|Chennai|TS|India
883|10645|45|2026-07-01|2026-07-03|7|453.41|17.96|81.61|3173.87|SHIPPED|CARD|Chennai|TS|India
884|10143|3|2026-07-01|2026-07-03|8|380.9|9.65|68.56|3047.2|SHIPPED|CASH|Chennai|TS|India
885|10064|35|2026-07-01|2026-07-03|4|270.15|32.17|48.63|1080.6|SHIPPED|UPI|Chennai|TS|India
886|10016|3|2026-07-01|2026-07-03|8|484.96|16.96|87.29|3879.68|SHIPPED|UPI|Chennai|TS|India
887|10216|42|2026-07-01|2026-07-03|1|232.48|33.37|41.85|232.48|SHIPPED|UPI|Chennai|TS|India
888|10593|15|2026-07-01|2026-07-03|9|117.03|46.24|21.07|1053.27|SHIPPED|CARD|Chennai|TS|India
889|10019|31|2026-07-01|2026-07-03|3|270.0|45.36|48.6|810.0|SHIPPED|CASH|Hyderabad|TS|India
890|10133|1|2026-07-01|2026-07-03|4|365.58|8.61|65.8|1462.32|SHIPPED|CARD|Pune|TS|India
891|10174|38|2026-07-01|2026-07-03|2|255.28|3.2|45.95|510.56|SHIPPED|CARD|Hyderabad|TS|India
892|10630|15|2026-07-01|2026-07-03|8|317.74|3.16|57.19|2541.92|SHIPPED|CARD|Pune|TS|India
893|10755|44|2026-07-01|2026-07-03|6|415.18|20.1|74.73|2491.08|SHIPPED|CARD|Chennai|TS|India
894|10329|14|2026-07-01|2026-07-03|10|295.65|38.21|53.22|2956.5|SHIPPED|CASH|Hyderabad|TS|India
895|10280|10|2026-07-01|2026-07-03|6|78.45|37.88|14.12|470.7|SHIPPED|CARD|Chennai|TS|India
896|10449|16|2026-07-01|2026-07-03|6|299.03|46.28|53.83|1794.18|SHIPPED|CARD|Hyderabad|TS|India
897|10647|40|2026-07-01|2026-07-03|2|405.97|18.81|73.07|811.94|SHIPPED|CARD|Hyderabad|TS|India
898|10007|12|2026-07-01|2026-07-03|8|86.33|46.31|15.54|690.64|SHIPPED|CASH|Chennai|TS|India
899|10426|45|2026-07-01|2026-07-03|10|449.11|40.37|80.84|4491.1|SHIPPED|UPI|Chennai|TS|India
900|10655|18|2026-07-01|2026-07-03|3|142.77|26.15|25.7|428.31|SHIPPED|UPI|Hyderabad|TS|India
901|10038|39|2026-07-01|2026-07-03|3|324.74|9.0|58.45|974.22|SHIPPED|UPI|Chennai|TS|India
902|10801|20|2026-07-01|2026-07-03|2|332.24|17.39|59.8|664.48|SHIPPED|CARD|Chennai|TS|India
903|10542|7|2026-07-01|2026-07-03|4|136.36|30.95|24.54|545.44|SHIPPED|CASH|Chennai|TS|India
904|10641|43|2026-07-01|2026-07-03|4|258.9|10.41|46.6|1035.6|SHIPPED|CARD|Hyderabad|TS|India
905|10701|31|2026-07-01|2026-07-03|2|408.48|24.88|73.53|816.96|SHIPPED|CARD|Chennai|TS|India
906|10372|19|2026-07-01|2026-07-03|1|74.31|10.48|13.38|74.31|SHIPPED|UPI|Pune|TS|India
907|10776|30|2026-07-01|2026-07-03|10|412.32|2.17|74.22|4123.2|SHIPPED|CASH|Hyderabad|TS|India
908|10804|2|2026-07-01|2026-07-03|9|129.15|24.25|23.25|1162.35|SHIPPED|CARD|Hyderabad|TS|India
909|10606|38|2026-07-01|2026-07-03|4|374.63|16.3|67.43|1498.52|SHIPPED|CARD|Chennai|TS|India
910|10112|21|2026-07-01|2026-07-03|6|153.53|11.39|27.64|921.18|SHIPPED|CARD|Chennai|TS|India
911|10384|15|2026-07-01|2026-07-03|7|441.45|3.68|79.46|3090.15|SHIPPED|CASH|Pune|TS|India
912|10148|14|2026-07-01|2026-07-03|1|450.72|46.39|81.13|450.72|SHIPPED|UPI|Hyderabad|TS|India
913|10468|47|2026-07-01|2026-07-03|7|218.07|9.71|39.25|1526.49|SHIPPED|UPI|Pune|TS|India
914|10032|45|2026-07-01|2026-07-03|4|201.15|28.43|36.21|804.6|SHIPPED|UPI|Hyderabad|TS|India
915|10469|27|2026-07-01|2026-07-03|2|433.24|8.56|77.98|866.48|SHIPPED|UPI|Hyderabad|TS|India
916|10808|41|2026-07-01|2026-07-03|5|321.64|47.64|57.9|1608.2|SHIPPED|CARD|Chennai|TS|India
917|10088|27|2026-07-01|2026-07-03|9|434.75|42.85|78.25|3912.75|SHIPPED|UPI|Hyderabad|TS|India
918|10473|18|2026-07-01|2026-07-03|10|263.07|0.73|47.35|2630.7|SHIPPED|UPI|Chennai|TS|India
919|10444|38|2026-07-01|2026-07-03|4|161.52|11.12|29.07|646.08|SHIPPED|CASH|Hyderabad|TS|India
920|10427|3|2026-07-01|2026-07-03|10|454.21|2.0|81.76|4542.1|SHIPPED|UPI|Chennai|TS|India
921|10543|26|2026-07-01|2026-07-03|9|65.13|23.96|11.72|586.17|SHIPPED|CASH|Hyderabad|TS|India
922|10085|36|2026-07-01|2026-07-03|8|272.88|37.65|49.12|2183.04|SHIPPED|CASH|Chennai|TS|India
923|10135|23|2026-07-01|2026-07-03|7|477.47|14.79|85.94|3342.29|SHIPPED|CASH|Hyderabad|TS|India
924|10312|11|2026-07-01|2026-07-03|1|265.9|35.17|47.86|265.9|SHIPPED|CASH|Chennai|TS|India
925|10465|30|2026-07-01|2026-07-03|10|60.99|38.59|10.98|609.9|SHIPPED|CASH|Pune|TS|India
926|10379|41|2026-07-01|2026-07-03|3|405.44|23.21|72.98|1216.32|SHIPPED|CASH|Hyderabad|TS|India
927|10707|22|2026-07-01|2026-07-03|2|223.2|26.55|40.18|446.4|SHIPPED|UPI|Pune|TS|India
928|10627|35|2026-07-01|2026-07-03|5|364.12|28.76|65.54|1820.6|SHIPPED|CARD|Chennai|TS|India
929|10343|48|2026-07-01|2026-07-03|2|329.2|46.61|59.26|658.4|SHIPPED|CASH|Chennai|TS|India
930|10113|25|2026-07-01|2026-07-03|6|449.59|18.28|80.93|2697.54|SHIPPED|CASH|Hyderabad|TS|India
931|10663|36|2026-07-01|2026-07-03|6|214.89|35.24|38.68|1289.34|SHIPPED|CASH|Chennai|TS|India
932|10342|16|2026-07-01|2026-07-03|4|112.28|26.98|20.21|449.12|SHIPPED|CASH|Pune|TS|India
933|10719|14|2026-07-01|2026-07-03|10|442.01|37.66|79.56|4420.1|SHIPPED|CARD|Pune|TS|India
934|10515|44|2026-07-01|2026-07-03|6|454.07|21.15|81.73|2724.42|SHIPPED|CARD|Hyderabad|TS|India
935|10497|33|2026-07-01|2026-07-03|6|205.35|26.33|36.96|1232.1|SHIPPED|CARD|Pune|TS|India
936|10545|19|2026-07-01|2026-07-03|9|355.24|22.6|63.94|3197.16|SHIPPED|UPI|Chennai|TS|India
937|10905|30|2026-07-01|2026-07-03|2|134.76|4.37|24.26|269.52|SHIPPED|UPI|Hyderabad|TS|India
938|10078|7|2026-07-01|2026-07-03|5|481.22|8.24|86.62|2406.1|SHIPPED|CARD|Chennai|TS|India
939|10895|14|2026-07-01|2026-07-03|3|273.35|26.03|49.2|820.05|SHIPPED|CASH|Hyderabad|TS|India
940|10698|35|2026-07-01|2026-07-03|5|237.44|46.59|42.74|1187.2|SHIPPED|UPI|Pune|TS|India
941|10660|2|2026-07-01|2026-07-03|7|249.74|14.58|44.95|1748.18|SHIPPED|CARD|Hyderabad|TS|India
942|10532|42|2026-07-01|2026-07-03|4|425.73|16.79|76.63|1702.92|SHIPPED|CASH|Pune|TS|India
943|10681|45|2026-07-01|2026-07-03|6|268.77|26.51|48.38|1612.62|SHIPPED|CASH|Pune|TS|India
944|10135|20|2026-07-01|2026-07-03|8|186.84|8.59|33.63|1494.72|SHIPPED|UPI|Hyderabad|TS|India
945|10295|50|2026-07-01|2026-07-03|8|217.36|42.28|39.12|1738.88|SHIPPED|CARD|Pune|TS|India
946|10170|40|2026-07-01|2026-07-03|5|255.17|46.21|45.93|1275.85|SHIPPED|CASH|Chennai|TS|India
947|10179|46|2026-07-01|2026-07-03|5|132.03|34.64|23.77|660.15|SHIPPED|CASH|Hyderabad|TS|India
948|10042|21|2026-07-01|2026-07-03|3|157.06|28.73|28.27|471.18|SHIPPED|UPI|Pune|TS|India
949|10575|46|2026-07-01|2026-07-03|6|133.02|1.73|23.94|798.12|SHIPPED|UPI|Pune|TS|India
950|10552|11|2026-07-01|2026-07-03|3|217.81|26.68|39.21|653.43|SHIPPED|CARD|Hyderabad|TS|India
951|10786|10|2026-07-01|2026-07-03|7|468.98|47.39|84.42|3282.86|SHIPPED|UPI|Hyderabad|TS|India
952|10559|33|2026-07-01|2026-07-03|1|486.57|16.56|87.58|486.57|SHIPPED|CASH|Pune|TS|India
953|10992|49|2026-07-01|2026-07-03|8|453.19|49.03|81.57|3625.52|SHIPPED|CASH|Chennai|TS|India
954|10746|29|2026-07-01|2026-07-03|3|409.81|16.93|73.77|1229.43|SHIPPED|CARD|Chennai|TS|India
955|10142|44|2026-07-01|2026-07-03|8|455.08|27.55|81.91|3640.64|SHIPPED|UPI|Hyderabad|TS|India
956|10225|29|2026-07-01|2026-07-03|7|327.88|17.87|59.02|2295.16|SHIPPED|UPI|Hyderabad|TS|India
957|10597|34|2026-07-01|2026-07-03|10|338.59|11.11|60.95|3385.9|SHIPPED|UPI|Hyderabad|TS|India
958|10869|29|2026-07-01|2026-07-03|1|87.62|33.85|15.77|87.62|SHIPPED|CARD|Chennai|TS|India
959|10325|39|2026-07-01|2026-07-03|7|137.5|30.25|24.75|962.5|SHIPPED|CARD|Chennai|TS|India
960|10733|28|2026-07-01|2026-07-03|6|228.9|18.48|41.2|1373.4|SHIPPED|UPI|Hyderabad|TS|India
961|10315|29|2026-07-01|2026-07-03|5|205.21|43.72|36.94|1026.05|SHIPPED|CARD|Hyderabad|TS|India
962|10425|29|2026-07-01|2026-07-03|8|383.69|14.43|69.06|3069.52|SHIPPED|CASH|Pune|TS|India
963|10601|39|2026-07-01|2026-07-03|7|112.81|4.3|20.31|789.67|SHIPPED|CARD|Pune|TS|India
964|10537|22|2026-07-01|2026-07-03|8|494.77|3.31|89.06|3958.16|SHIPPED|CASH|Pune|TS|India
965|10654|18|2026-07-01|2026-07-03|2|52.98|20.73|9.54|105.96|SHIPPED|CASH|Pune|TS|India
966|10140|13|2026-07-01|2026-07-03|10|389.86|9.3|70.17|3898.6|SHIPPED|UPI|Pune|TS|India
967|10842|20|2026-07-01|2026-07-03|9|270.76|41.73|48.74|2436.84|SHIPPED|UPI|Pune|TS|India
968|10229|2|2026-07-01|2026-07-03|9|382.94|39.56|68.93|3446.46|SHIPPED|CARD|Pune|TS|India
969|10854|41|2026-07-01|2026-07-03|5|480.21|23.63|86.44|2401.05|SHIPPED|CASH|Chennai|TS|India
970|10503|45|2026-07-01|2026-07-03|5|237.72|32.24|42.79|1188.6|SHIPPED|CARD|Hyderabad|TS|India
971|10993|5|2026-07-01|2026-07-03|5|271.87|29.94|48.94|1359.35|SHIPPED|UPI|Chennai|TS|India
972|10889|17|2026-07-01|2026-07-03|8|304.51|31.4|54.81|2436.08|SHIPPED|UPI|Chennai|TS|India
973|10750|37|2026-07-01|2026-07-03|2|217.94|0.88|39.23|435.88|SHIPPED|UPI|Hyderabad|TS|India
974|10327|30|2026-07-01|2026-07-03|10|76.33|43.92|13.74|763.3|SHIPPED|CARD|Pune|TS|India
975|10369|27|2026-07-01|2026-07-03|3|73.8|31.81|13.28|221.4|SHIPPED|UPI|Hyderabad|TS|India
976|10654|5|2026-07-01|2026-07-03|5|181.25|25.69|32.62|906.25|SHIPPED|CASH|Hyderabad|TS|India
977|10171|35|2026-07-01|2026-07-03|2|319.44|16.13|57.5|638.88|SHIPPED|UPI|Chennai|TS|India
978|10714|45|2026-07-01|2026-07-03|5|172.16|18.13|30.99|860.8|SHIPPED|CASH|Chennai|TS|India
979|10013|9|2026-07-01|2026-07-03|6|420.49|25.91|75.69|2522.94|SHIPPED|UPI|Pune|TS|India
980|10932|11|2026-07-01|2026-07-03|7|203.14|5.12|36.57|1421.98|SHIPPED|CARD|Chennai|TS|India
981|10814|36|2026-07-01|2026-07-03|4|424.21|30.67|76.36|1696.84|SHIPPED|CASH|Chennai|TS|India
982|10821|8|2026-07-01|2026-07-03|9|366.02|20.87|65.88|3294.18|SHIPPED|CARD|Hyderabad|TS|India
983|10491|23|2026-07-01|2026-07-03|3|465.53|15.58|83.8|1396.59|SHIPPED|UPI|Hyderabad|TS|India
984|10611|34|2026-07-01|2026-07-03|8|450.38|38.18|81.07|3603.04|SHIPPED|UPI|Hyderabad|TS|India
985|10834|8|2026-07-01|2026-07-03|5|62.94|11.12|11.33|314.7|SHIPPED|CASH|Hyderabad|TS|India
986|10214|9|2026-07-01|2026-07-03|4|188.34|49.06|33.9|753.36|SHIPPED|UPI|Chennai|TS|India
987|10793|31|2026-07-01|2026-07-03|2|84.98|37.87|15.3|169.96|SHIPPED|CARD|Hyderabad|TS|India
988|10675|33|2026-07-01|2026-07-03|2|64.76|29.66|11.66|129.52|SHIPPED|UPI|Hyderabad|TS|India
989|10308|43|2026-07-01|2026-07-03|5|69.48|0.51|12.51|347.4|SHIPPED|CARD|Hyderabad|TS|India
990|10922|13|2026-07-01|2026-07-03|10|142.43|9.24|25.64|1424.3|SHIPPED|UPI|Hyderabad|TS|India
991|10764|18|2026-07-01|2026-07-03|2|115.5|47.44|20.79|231.0|SHIPPED|UPI|Pune|TS|India
992|10799|47|2026-07-01|2026-07-03|3|434.81|30.65|78.27|1304.43|SHIPPED|CASH|Chennai|TS|India
993|10592|49|2026-07-01|2026-07-03|2|94.6|0.7|17.03|189.2|SHIPPED|CARD|Chennai|TS|India
994|10175|49|2026-07-01|2026-07-03|4|483.92|26.86|87.11|1935.68|SHIPPED|CASH|Hyderabad|TS|India
995|10871|46|2026-07-01|2026-07-03|4|464.21|23.74|83.56|1856.84|SHIPPED|CASH|Chennai|TS|India
996|10980|7|2026-07-01|2026-07-03|3|247.85|9.04|44.61|743.55|SHIPPED|UPI|Pune|TS|India
997|10233|27|2026-07-01|2026-07-03|7|146.42|5.64|26.36|1024.94|SHIPPED|UPI|Hyderabad|TS|India
998|10139|32|2026-07-01|2026-07-03|8|99.64|38.11|17.94|797.12|SHIPPED|CASH|Pune|TS|India
999|10084|21|2026-07-01|2026-07-03|9|374.96|24.69|67.49|3374.64|SHIPPED|UPI|Pune|TS|India
1000|10319|44|2026-07-01|2026-07-03|8|320.18|48.81|57.63|2561.44|SHIPPED|UPI|Hyderabad|TS|India
